Date,Stock Symbol,Action,Qty,Price,Notes
2022-01-28,ASHLEY,BUY,2,133.55,upstox order book import
2022-02-28,ASHLEY,BUY,2,118.5,upstox order book import
2022-03-31,ASHLEY,BUY,2,117.2,upstox order book import
2022-05-02,ASHLEY,BUY,2,126.25,upstox order book import
2022-05-31,ASHLEY,BUY,2,137.85,upstox order book import
2022-06-30,ASHLEY,BUY,2,147.3,upstox order book import
2022-08-01,ASHLEY,BUY,2,153.7,upstox order book import
2022-09-01,ASHLEY,BUY,2,161.8,upstox order book import
2022-09-30,ASHLEY,BUY,2,152.75,upstox order book import
2022-10-31,ASHLEY,BUY,2,152.25,upstox order book import
2024-05-15,ASHLEY,BUY,2,201.0,upstox order book import
2024-05-22,ASHLEY,BUY,2,210.1,upstox order book import
2024-05-29,ASHLEY,BUY,2,222.9,upstox order book import
2024-06-05,ASHLEY,BUY,2,216.7,upstox order book import
2024-06-12,ASHLEY,BUY,2,240.0,upstox order book import
2024-06-19,ASHLEY,BUY,2,233.85,upstox order book import
2024-06-26,ASHLEY,BUY,2,242.75,upstox order book import
2024-07-03,ASHLEY,BUY,2,229.3,upstox order book import
2024-07-10,ASHLEY,BUY,2,226.05,upstox order book import
2024-07-18,ASHLEY,BUY,2,228.2,upstox order book import
2024-07-24,ASHLEY,BUY,2,228.95,upstox order book import
2024-07-31,ASHLEY,BUY,2,256.85,upstox order book import
2024-08-07,ASHLEY,BUY,2,246.2,upstox order book import
2024-08-14,ASHLEY,BUY,2,247.05,upstox order book import
2024-10-14,ASHLEY,BUY,5,227.37,upstox order book import
2023-02-07,AWL,SELL,65,398.9,upstox order book import
2022-01-28,BHAELE,BUY,2,209.8,upstox order book import
2022-02-28,BHAELE,BUY,2,207.7,upstox order book import
2022-03-31,BHAELE,BUY,2,207.4,upstox order book import
2022-05-02,BHAELE,BUY,2,237.05,upstox order book import
2022-05-31,BHAELE,BUY,2,233.45,upstox order book import
2022-06-30,BHAELE,BUY,2,233.6,upstox order book import
2022-08-01,BHAELE,BUY,2,277.3,upstox order book import
2022-09-01,BHAELE,BUY,2,318.15,upstox order book import
2022-09-30,BHAELE,BUY,2,100.15,upstox order book import
2022-10-31,BHAELE,BUY,2,106.45,upstox order book import
2024-05-15,BHAELE,BUY,2,230.55,upstox order book import
2024-05-22,BHAELE,BUY,2,279.35,upstox order book import
2024-05-29,BHAELE,BUY,2,290.4,upstox order book import
2024-06-05,BHAELE,BUY,2,249.1,upstox order book import
2024-06-12,BHAELE,BUY,2,290.75,upstox order book import
2024-06-19,BHAELE,BUY,2,311.65,upstox order book import
2024-06-26,BHAELE,BUY,2,308.65,upstox order book import
2024-07-03,BHAELE,BUY,2,309.3,upstox order book import
2024-07-10,BHAELE,BUY,2,332.25,upstox order book import
2024-07-18,BHAELE,BUY,2,316.25,upstox order book import
2024-07-24,BHAELE,BUY,2,301.7,upstox order book import
2024-07-31,BHAELE,BUY,2,317.85,upstox order book import
2024-08-07,BHAELE,BUY,2,295.0,upstox order book import
2024-08-14,BHAELE,BUY,2,293.1,upstox order book import
2025-02-03,DRREDD,BUY,2,1210.95,upstox order book import
2025-02-10,DRREDD,BUY,2,1225.2,upstox order book import
2025-03-12,DRREDD,BUY,2,1099.95,upstox order book import
2024-10-15,ENGIND,BUY,3,194.27,upstox order book import
2024-11-18,ENGIND,BUY,3,180.5,upstox order book import
2024-12-16,ENGIND,BUY,3,202.7,upstox order book import
2025-01-15,ENGIND,BUY,3,177.47,upstox order book import
2025-02-17,ENGIND,BUY,3,156.56,upstox order book import
2025-03-17,ENGIND,BUY,3,159.4,upstox order book import
2025-04-15,ENGIND,BUY,3,168.45,upstox order book import
2022-01-28,FEDBAN,BUY,2,101.7,upstox order book import
2022-02-28,FEDBAN,BUY,2,96.9,upstox order book import
2022-03-31,FEDBAN,BUY,2,98.1,upstox order book import
2022-05-02,FEDBAN,BUY,2,94.2,upstox order book import
2022-05-31,FEDBAN,BUY,2,89.5,upstox order book import
2022-06-30,FEDBAN,BUY,2,90.75,upstox order book import
2022-08-01,FEDBAN,BUY,2,107.5,upstox order book import
2022-09-01,FEDBAN,BUY,2,118.8,upstox order book import
2022-09-30,FEDBAN,BUY,2,117.2,upstox order book import
2022-10-31,FEDBAN,BUY,2,131.0,upstox order book import
2024-05-15,FEDBAN,BUY,2,162.4,upstox order book import
2024-05-22,FEDBAN,BUY,2,161.7,upstox order book import
2024-05-29,FEDBAN,BUY,2,159.65,upstox order book import
2024-06-05,FEDBAN,BUY,2,156.45,upstox order book import
2024-06-12,FEDBAN,BUY,2,172.15,upstox order book import
2024-06-19,FEDBAN,BUY,2,174.95,upstox order book import
2024-06-26,FEDBAN,BUY,2,177.75,upstox order book import
2024-07-03,FEDBAN,BUY,2,181.45,upstox order book import
2024-07-10,FEDBAN,BUY,2,186.75,upstox order book import
2024-07-18,FEDBAN,BUY,2,196.35,upstox order book import
2024-07-24,FEDBAN,BUY,2,195.6,upstox order book import
2024-07-31,FEDBAN,BUY,2,199.25,upstox order book import
2024-08-07,FEDBAN,BUY,2,192.1,upstox order book import
2024-08-14,FEDBAN,BUY,2,203.1,upstox order book import
2024-10-15,GAIL,BUY,3,233.03,upstox order book import
2024-11-18,GAIL,BUY,3,186.4,upstox order book import
2024-12-16,GAIL,BUY,3,203.45,upstox order book import
2025-01-15,GAIL,BUY,3,178.4,upstox order book import
2025-02-17,GAIL,BUY,3,158.28,upstox order book import
2025-03-17,GAIL,BUY,3,157.67,upstox order book import
2025-04-15,GAIL,BUY,3,180.12,upstox order book import
2026-03-27,GAIL,BUY,10,138.5,upstox order book import
2026-03-27,GAIL,BUY,10,138.11,upstox order book import
2026-03-27,GAIL,BUY,10,138.95,upstox order book import
2026-03-27,GAIL,BUY,10,138.86,upstox order book import
2024-10-15,GUJGA,BUY,1,586.8,upstox order book import
2024-11-18,GUJGA,BUY,1,454.55,upstox order book import
2024-12-16,GUJGA,BUY,1,519.9,upstox order book import
2025-01-15,GUJGA,BUY,1,488.35,upstox order book import
2025-02-17,GUJGA,BUY,1,390.55,upstox order book import
2025-03-17,GUJGA,BUY,1,378.8,upstox order book import
2025-04-15,GUJGA,BUY,1,431.7,upstox order book import
2022-01-28,GUJPPL,BUY,2,100.0,upstox order book import
2022-02-28,GUJPPL,BUY,2,83.55,upstox order book import
2022-03-31,GUJPPL,BUY,2,77.7,upstox order book import
2022-05-02,GUJPPL,BUY,2,87.3,upstox order book import
2022-05-31,GUJPPL,BUY,2,80.45,upstox order book import
2022-06-30,GUJPPL,BUY,2,77.0,upstox order book import
2022-08-01,GUJPPL,BUY,2,79.75,upstox order book import
2022-09-01,GUJPPL,BUY,2,86.5,upstox order book import
2022-09-30,GUJPPL,BUY,2,87.95,upstox order book import
2022-10-31,GUJPPL,BUY,2,86.1,upstox order book import
2026-04-16,HDF250,BUY,1,161.75,upstox order book import
2026-04-23,HDF250,BUY,1,167.8,upstox order book import
2026-04-24,HDF250,BUY,2,165.54,upstox order book import
2026-04-30,HDF250,BUY,1,168.39,upstox order book import
2026-05-07,HDF250,BUY,1,174.96,upstox order book import
2026-05-14,HDF250,BUY,1,168.84,upstox order book import
2026-05-21,HDF250,BUY,1,168.89,upstox order book import
2026-05-29,HDF250,BUY,1,172.52,upstox order book import
2026-06-04,HDF250,BUY,1,171.98,upstox order book import
2026-06-11,HDF250,BUY,1,167.87,upstox order book import
2026-06-18,HDF250,BUY,1,177.37,upstox order book import
2026-06-25,HDF250,BUY,1,178.56,upstox order book import
2026-07-02,HDF250,BUY,1,180.7,upstox order book import
2026-07-09,HDF250,BUY,1,179.98,upstox order book import
2026-07-16,HDF250,BUY,1,182.11,upstox order book import
2026-07-23,HDF250,BUY,1,178.49,upstox order book import
2026-07-30,HDF250,BUY,1,180.56,upstox order book import
2026-08-06,HDF250,BUY,1,185.57,upstox order book import
2026-08-13,HDF250,BUY,1,184.92,upstox order book import
2026-08-20,HDF250,BUY,1,185.55,upstox order book import
2026-08-27,HDF250,BUY,1,185.99,upstox order book import
2026-09-03,HDF250,BUY,1,186.13,upstox order book import
2026-09-10,HDF250,BUY,1,186.08,upstox order book import
2022-01-20,HDFBAN,BUY,5,1513.2,upstox order book import
2022-01-27,HDFBAN,BUY,10,1444.0,upstox order book import
2022-02-08,HDFBAN,BUY,10,1462.0,upstox order book import
2022-02-23,HDFBAN,BUY,15,1516.0,upstox order book import
2022-03-03,HDFBAN,BUY,15,1379.0,upstox order book import
2026-04-01,HDFBAN,BUY,20,752.1,upstox order book import
2024-10-15,HINPET,BUY,2,423.6,upstox order book import
2024-11-18,HINPET,BUY,2,372.4,upstox order book import
2024-12-16,HINPET,BUY,2,402.3,upstox order book import
2025-01-15,HINPET,BUY,2,367.05,upstox order book import
2025-02-17,HINPET,BUY,2,312.7,upstox order book import
2025-03-17,HINPET,BUY,2,326.05,upstox order book import
2025-04-15,HINPET,BUY,2,378.15,upstox order book import
2026-03-02,ICIGOL,BUY,100,143.22,upstox order book import
2026-03-04,ICIGOL,BUY,100,138.34,upstox order book import
2026-03-19,ICIGOL,BUY,50,128.08,upstox order book import
2026-04-16,ICINIF,BUY,4,271.96,upstox order book import
2026-04-23,ICINIF,BUY,4,272.84,upstox order book import
2026-04-24,ICINIF,BUY,8,270.14,upstox order book import
2026-04-30,ICINIF,BUY,4,269.98,upstox order book import
2026-05-07,ICINIF,BUY,4,274.62,upstox order book import
2026-05-14,ICINIF,BUY,4,266.88,upstox order book import
2026-05-21,ICINIF,BUY,4,266.61,upstox order book import
2026-05-29,ICINIF,BUY,4,269.09,upstox order book import
2026-06-04,ICINIF,BUY,4,264.0,upstox order book import
2026-06-11,ICINIF,BUY,4,262.86,upstox order book import
2026-06-18,ICINIF,BUY,4,272.1,upstox order book import
2026-06-25,ICINIF,BUY,4,273.3,upstox order book import
2026-07-02,ICINIF,BUY,4,272.7,upstox order book import
2026-07-09,ICINIF,BUY,3,272.05,upstox order book import
2026-07-16,ICINIF,BUY,3,273.33,upstox order book import
2026-07-23,ICINIF,BUY,3,270.22,upstox order book import
2026-07-30,ICINIF,BUY,3,274.79,upstox order book import
2026-08-06,ICINIF,BUY,3,279.45,upstox order book import
2026-08-13,ICINIF,BUY,3,276.81,upstox order book import
2026-08-20,ICINIF,BUY,3,275.53,upstox order book import
2026-08-27,ICINIF,BUY,3,274.68,upstox order book import
2026-09-03,ICINIF,BUY,3,271.62,upstox order book import
2026-09-10,ICINIF,BUY,3,266.29,upstox order book import
2026-02-01,ICIPSE,BUY,37,263.65,upstox order book import
2026-02-03,ICIPSE,BUY,30,258.25,upstox order book import
2026-03-02,ICIPSE,BUY,34,286.81,upstox order book import
2026-03-27,ICIPSE,BUY,50,222.73,upstox order book import
2026-04-01,ICIPSE,BUY,42,236.38,upstox order book import
2024-09-23,IDECEL,BUY,500,11.06,upstox order book import
2024-10-04,IDECEL,SELL,500,9.89,upstox order book import
2025-04-02,IDECEL,BUY,750,8.08,upstox order book import
2025-05-21,IDECEL,BUY,750,6.65,upstox order book import
2024-05-15,JIOFIN,BUY,2,356.35,upstox order book import
2024-05-22,JIOFIN,BUY,2,358.85,upstox order book import
2024-05-29,JIOFIN,BUY,2,350.35,upstox order book import
2024-06-05,JIOFIN,BUY,2,343.9,upstox order book import
2024-06-12,JIOFIN,BUY,2,352.95,upstox order book import
2024-06-19,JIOFIN,BUY,2,360.2,upstox order book import
2024-06-26,JIOFIN,BUY,2,354.85,upstox order book import
2024-07-03,JIOFIN,BUY,2,351.95,upstox order book import
2024-07-10,JIOFIN,BUY,2,348.0,upstox order book import
2024-07-18,JIOFIN,BUY,2,338.45,upstox order book import
2024-07-24,JIOFIN,BUY,2,337.15,upstox order book import
2024-07-31,JIOFIN,BUY,2,328.8,upstox order book import
2024-08-07,JIOFIN,BUY,2,315.55,upstox order book import
2024-08-14,JIOFIN,BUY,2,324.0,upstox order book import
2022-01-28,JSWENE,BUY,2,303.0,upstox order book import
2022-02-28,JSWENE,BUY,2,330.0,upstox order book import
2022-03-31,JSWENE,BUY,2,301.08,upstox order book import
2022-05-02,JSWENE,BUY,2,309.45,upstox order book import
2022-05-31,JSWENE,BUY,2,277.2,upstox order book import
2022-06-30,JSWENE,BUY,2,215.9,upstox order book import
2022-08-01,JSWENE,BUY,2,244.55,upstox order book import
2022-09-01,JSWENE,BUY,2,354.35,upstox order book import
2022-09-30,JSWENE,BUY,2,297.3,upstox order book import
2022-10-31,JSWENE,BUY,2,336.5,upstox order book import
2023-12-04,JSWENE,BUY,6,429.6,upstox order book import
2024-05-15,JSWENE,BUY,2,600.8,upstox order book import
2024-05-22,JSWENE,BUY,2,614.25,upstox order book import
2024-05-29,JSWENE,BUY,2,607.2,upstox order book import
2024-06-05,JSWENE,BUY,2,582.35,upstox order book import
2024-06-12,JSWENE,BUY,2,643.8,upstox order book import
2024-06-19,JSWENE,BUY,2,689.35,upstox order book import
2024-06-26,JSWENE,BUY,2,719.45,upstox order book import
2024-07-03,JSWENE,BUY,2,725.85,upstox order book import
2024-07-10,JSWENE,BUY,2,710.9,upstox order book import
2024-07-18,JSWENE,BUY,2,700.15,upstox order book import
2024-07-24,JSWENE,BUY,2,701.93,upstox order book import
2024-07-31,JSWENE,BUY,2,724.0,upstox order book import
2024-08-07,JSWENE,BUY,2,680.7,upstox order book import
2024-08-14,JSWENE,BUY,2,651.23,upstox order book import
2026-07-09,KOTAKBKETF,BUY,3,59.51,upstox order book import
2026-07-16,KOTAKBKETF,BUY,3,59.84,upstox order book import
2026-07-23,KOTAKBKETF,BUY,3,58.65,upstox order book import
2026-07-30,KOTAKBKETF,BUY,3,59.26,upstox order book import
2026-08-06,KOTAKBKETF,BUY,3,60.22,upstox order book import
2026-08-13,KOTAKBKETF,BUY,3,59.94,upstox order book import
2026-08-20,KOTAKBKETF,BUY,3,59.9,upstox order book import
2026-08-27,KOTAKBKETF,BUY,3,59.94,upstox order book import
2026-09-03,KOTAKBKETF,BUY,3,59.76,upstox order book import
2026-09-10,KOTAKBKETF,BUY,3,58.65,upstox order book import
2025-09-10,LIC,BUY,5,876.9,upstox order book import
2025-09-17,LIC,BUY,5,885.35,upstox order book import
2025-09-24,LIC,BUY,5,896.6,upstox order book import
2025-10-01,LIC,BUY,5,901.0,upstox order book import
2025-10-08,LIC,BUY,5,892.6,upstox order book import
2025-10-15,LIC,BUY,5,899.75,upstox order book import
2025-10-23,LIC,BUY,5,900.4,upstox order book import
2025-10-29,LIC,BUY,5,907.6,upstox order book import
2025-11-06,LIC,BUY,5,895.25,upstox order book import
2026-04-16,MIR150,BUY,8,22.08,upstox order book import
2026-04-23,MIR150,BUY,8,22.6,upstox order book import
2026-04-24,MIR150,BUY,16,22.41,upstox order book import
2026-04-30,MIR150,BUY,8,22.4,upstox order book import
2026-05-07,MIR150,BUY,8,23.29,upstox order book import
2026-05-14,MIR150,BUY,8,22.77,upstox order book import
2026-05-21,MIR150,BUY,8,22.97,upstox order book import
2026-05-29,MIR150,BUY,8,23.23,upstox order book import
2026-06-04,MIR150,BUY,8,22.91,upstox order book import
2026-06-11,MIR150,BUY,8,22.31,upstox order book import
2026-06-18,MIR150,BUY,8,23.33,upstox order book import
2026-06-25,MIR150,BUY,8,23.39,upstox order book import
2026-07-02,MIR150,BUY,8,23.44,upstox order book import
2026-07-09,MIR150,BUY,8,23.37,upstox order book import
2026-07-16,MIR150,BUY,8,23.6,upstox order book import
2026-07-23,MIR150,BUY,9,23.21,upstox order book import
2026-07-30,MIR150,BUY,8,23.57,upstox order book import
2026-08-06,MIR150,BUY,8,23.93,upstox order book import
2026-08-13,MIR150,BUY,8,24.04,upstox order book import
2026-08-20,MIR150,BUY,8,24.04,upstox order book import
2026-08-27,MIR150,BUY,8,24.09,upstox order book import
2026-09-03,MIR150,BUY,8,23.75,upstox order book import
2026-09-10,MIR150,BUY,9,23.47,upstox order book import
2023-12-04,NHPC,BUY,55,57.9,upstox order book import
2026-04-16,NIPNIT,BUY,4,34.93,upstox order book import
2026-04-23,NIPNIT,BUY,4,33.53,upstox order book import
2026-04-24,NIPNIT,BUY,8,32.25,upstox order book import
2026-04-30,NIPNIT,BUY,4,32.48,upstox order book import
2026-05-07,NIPNIT,BUY,4,32.3,upstox order book import
2026-05-14,NIPNIT,BUY,4,30.25,upstox order book import
2026-05-21,NIPNIT,BUY,4,32.09,upstox order book import
2026-05-29,NIPNIT,BUY,4,32.74,upstox order book import
2026-06-04,NIPNIT,BUY,4,32.59,upstox order book import
2026-06-11,NIPNIT,BUY,4,30.93,upstox order book import
2026-06-18,NIPNIT,BUY,4,31.59,upstox order book import
2026-06-25,NIPNIT,BUY,4,30.57,upstox order book import
2026-07-02,NIPNIT,BUY,4,29.82,upstox order book import
2026-07-09,NIPNIT,BUY,2,30.63,upstox order book import
2026-07-16,NIPNIT,BUY,2,32.05,upstox order book import
2026-07-23,NIPNIT,BUY,2,31.59,upstox order book import
2026-07-30,NIPNIT,BUY,2,35.05,upstox order book import
2026-08-06,NIPNIT,BUY,2,34.7,upstox order book import
2026-08-13,NIPNIT,BUY,2,34.82,upstox order book import
2026-08-20,NIPNIT,BUY,2,34.11,upstox order book import
2026-08-27,NIPNIT,BUY,2,33.72,upstox order book import
2026-09-03,NIPNIT,BUY,2,34.32,upstox order book import
2026-09-10,NIPNIT,BUY,2,32.09,upstox order book import
2023-12-04,NTPC,BUY,12,274.75,upstox order book import
2024-10-15,ONGC,BUY,2,282.7,upstox order book import
2024-11-18,ONGC,BUY,2,250.35,upstox order book import
2024-12-16,ONGC,BUY,2,251.7,upstox order book import
2025-01-15,ONGC,BUY,2,259.73,upstox order book import
2025-02-17,ONGC,BUY,2,231.6,upstox order book import
2025-03-17,ONGC,BUY,2,228.47,upstox order book import
2025-04-15,ONGC,BUY,2,233.05,upstox order book import
2025-11-27,ONGC,BUY,5,245.2,upstox order book import
2025-12-04,ONGC,BUY,5,241.95,upstox order book import
2025-12-11,ONGC,BUY,5,240.1,upstox order book import
2025-12-18,ONGC,BUY,5,232.5,upstox order book import
2025-12-26,ONGC,BUY,5,234.85,upstox order book import
2024-10-15,PETLNG,BUY,2,353.7,upstox order book import
2024-11-18,PETLNG,BUY,2,312.8,upstox order book import
2024-12-16,PETLNG,BUY,2,336.5,upstox order book import
2025-01-15,PETLNG,BUY,2,326.6,upstox order book import
2025-02-17,PETLNG,BUY,2,283.05,upstox order book import
2025-03-17,PETLNG,BUY,2,284.45,upstox order book import
2025-04-15,PETLNG,BUY,2,294.0,upstox order book import
2021-04-16,RELIND,BUY,5,1928.0,upstox order book import
2022-02-24,RELIND,BUY,10,2307.0,upstox order book import
2022-03-08,RELIND,BUY,10,2197.0,upstox order book import
2024-10-14,RELIND,BUY,2,2751.35,upstox order book import
2024-11-18,RELIND,BUY,5,1266.55,upstox order book import
2025-01-27,RELIND,BUY,5,1228.8,upstox order book import
2025-02-25,RELIND,BUY,5,1208.85,upstox order book import
2025-03-25,RELIND,BUY,5,1288.45,upstox order book import
2025-04-09,RELIND,BUY,2,1169.5,upstox order book import
2026-06-15,RELIND,BUY,5,1314.3,upstox order book import
2026-06-22,RELIND,BUY,5,1338.5,upstox order book import
2026-06-29,RELIND,BUY,5,1309.9,upstox order book import
2026-07-06,RELIND,BUY,5,1321.6,upstox order book import
2026-07-13,RELIND,BUY,5,1299.5,upstox order book import
2022-01-28,SEQSCI,BUY,1,169.45,upstox order book import
2022-02-28,SEQSCI,BUY,1,135.25,upstox order book import
2022-03-31,SEQSCI,BUY,1,136.0,upstox order book import
2022-05-02,SEQSCI,BUY,1,133.7,upstox order book import
2022-05-31,SEQSCI,BUY,1,111.0,upstox order book import
2022-06-30,SEQSCI,BUY,1,94.75,upstox order book import
2022-08-01,SEQSCI,BUY,1,128.35,upstox order book import
2022-09-01,SEQSCI,BUY,1,113.1,upstox order book import
2022-09-30,SEQSCI,BUY,1,104.05,upstox order book import
2022-10-31,SEQSCI,BUY,1,98.0,upstox order book import
2023-12-04,SJVLIM,BUY,67,86.95,upstox order book import
2021-11-22,TATGLO,BUY,20,828.0,upstox order book import
2022-02-01,TATGLO,BUY,10,730.0,upstox order book import
2023-12-04,TATPOW,BUY,8,281.0,upstox order book import
2022-02-11,WIPRO,BUY,20,565.1,upstox order book import
2022-02-14,WIPRO,BUY,20,550.0,upstox order book import
2024-09-03,WIPRO,BUY,10,536.55,upstox order book import
2026-02-24,WIPRO,BUY,100,199.77,upstox order book import
2026-04-07,WIPRO,BUY,5,203.08,upstox order book import
2026-04-15,WIPRO,BUY,5,207.27,upstox order book import
2026-04-17,WIPRO,BUY,10,203.67,upstox order book import
,LGELEC,,,,NO TRADE HISTORY FOUND - manual entry required
,TATCAP,,,,NO TRADE HISTORY FOUND - manual entry required
,NTPGRE,,,,NO TRADE HISTORY FOUND - manual entry required
