symbol,original_run_timestamp,signal,price_at_signal,price_5d_after,return_5d_pct,price_10d_after,return_10d_pct,price_20d_after,return_20d_pct,scored_at
ASHLEY,2026-05-31,🔴 STRG SELL,155.44,141.02,-9.28,157.7,1.45,157.36,1.24,2026-09-21 20:51:08 IST
TATCAP,2026-05-31,🟡 HOLD,305.9,312.03,2.0,340.13,11.19,368.48,20.46,2026-09-21 20:51:08 IST
FEDBAN,2026-05-31,🟢 ACCUMULATE,288.95,303.56,5.06,316.02,9.37,322.95,11.77,2026-09-21 20:51:08 IST
HDFBAN,2026-05-31,🔴 STRG SELL,744.55,726.63,-2.41,764.7,2.71,798.9,7.3,2026-09-21 20:51:08 IST
LGELEC,2026-05-31,🟡 HOLD,1523.9,1519.9,-0.26,1529.2,0.35,1566.9,2.82,2026-09-21 20:51:08 IST
HDF250,2026-05-31,🟡 HOLD,170.66,168.57,-1.22,174.24,2.1,177.18,3.82,2026-09-21 20:51:08 IST
ICIGOL,2026-05-31,🟢 ACCUMULATE,128.65,128.37,-0.22,128.75,0.08,120.1,-6.65,2026-09-21 20:51:08 IST
ICINIF,2026-05-31,🟡 HOLD,266.01,273.42,2.79,269.6,1.35,,,2026-09-21 20:51:08 IST
ICIPSE,2026-05-31,🟢 ACCUMULATE,249.37,238.4,-4.4,249.04,-0.13,216.88,-13.03,2026-09-21 20:51:08 IST
NIPNIT,2026-05-31,🔴 STRG SELL,266.01,31.73,-88.07,31.19,-88.27,30.02,-88.71,2026-09-21 20:51:08 IST
BHAELE,2026-05-31,🔴 STRG SELL,410.75,412.39,0.4,408.99,-0.43,411.04,0.07,2026-09-21 20:51:08 IST
TATGLO,2026-05-31,🟡 HOLD / RISK,1178.4,1107.0,-6.06,1100.4,-6.62,1112.8,-5.57,2026-09-21 20:51:08 IST
JIOFIN,2026-05-31,🔴 STRG SELL,238.95,228.33,-4.44,238.96,0.0,236.16,-1.17,2026-09-21 20:51:08 IST
WIPRO,2026-05-31,🔴 STRG SELL,204.25,179.71,-12.01,179.33,-12.2,173.5,-15.06,2026-09-21 20:51:08 IST
ENGIND,2026-05-31,🟢 ACCUMULATE,231.7,239.37,3.31,236.07,1.89,244.47,5.51,2026-09-21 20:51:08 IST
LIC,2026-05-31,🔴 STRG SELL,411.35,386.44,-6.06,396.41,-3.63,431.25,4.84,2026-09-21 20:51:08 IST
MIR150,2026-05-31,🟡 HOLD,31.6,22.37,-29.21,23.1,-26.9,23.28,-26.33,2026-09-21 20:51:08 IST
DRREDD,2026-05-31,🟢 ACCUMULATE,1303.5,1267.56,-2.76,1271.44,-2.46,1367.03,4.87,2026-09-21 20:51:08 IST
SEQSCI,2026-05-31,🟢 ACCUMULATE,1111.8,251.8,-77.35,249.95,-77.52,269.8,-75.73,2026-09-21 20:51:08 IST
JSWENE,2026-05-31,🟡 HOLD / RISK,595.05,570.95,-4.05,566.25,-4.84,586.25,-1.48,2026-09-21 20:51:08 IST
NHPC,2026-05-31,🔴 STRG SELL,78.87,73.31,-7.05,74.49,-5.55,81.35,3.14,2026-09-21 20:51:08 IST
NTPC,2026-05-31,🟡 HOLD,386.9,358.53,-7.33,344.38,-10.99,352.29,-8.95,2026-09-21 20:51:08 IST
NTPGRE,2026-05-31,🟡 HOLD / RISK,103.52,99.78,-3.61,98.73,-4.63,94.47,-8.74,2026-09-21 20:51:08 IST
SJVLIM,2026-05-31,🔴 STRG SELL,75.16,71.91,-4.32,72.75,-3.21,71.41,-4.99,2026-09-21 20:51:08 IST
TATPOW,2026-05-31,🟢 ACCUMULATE,420.75,401.71,-4.53,401.61,-4.55,386.5,-8.14,2026-09-21 20:51:08 IST
GAIL,2026-05-31,🔴 STRG SELL,164.51,168.11,2.19,174.9,6.32,171.72,4.38,2026-09-21 20:51:08 IST
HINPET,2026-05-31,🔴 STRG SELL,393.85,354.49,-9.99,381.97,-3.02,370.51,-5.93,2026-09-21 20:51:08 IST
ONGC,2026-05-31,🟡 HOLD,265.4,263.53,-0.7,242.62,-8.58,233.06,-12.19,2026-09-21 20:51:08 IST
PETLNG,2026-05-31,🔴 STRG SELL,271.05,264.3,-2.49,285.9,5.48,281.25,3.76,2026-09-21 20:51:08 IST
RELIND,2026-05-31,🔴 STRG SELL,1321.2,1263.3,-4.38,1307.0,-1.07,1301.0,-1.53,2026-09-21 20:51:08 IST
GUJPPL,2026-05-31,🔴 STRG SELL,157.35,148.8,-5.43,151.21,-3.9,147.5,-6.26,2026-09-21 20:51:08 IST
IDECEL,2026-05-31,🟡 HOLD / PEAK,13.99,14.4,2.93,14.95,6.86,14.43,3.15,2026-09-21 20:51:08 IST
ASHLEY,2026-06-03,🔴 STRG SELL,144.35,141.54,-1.95,159.57,10.54,162.32,12.45,2026-09-21 20:51:08 IST
TATCAP,2026-06-03,🟡 HOLD,305.9,320.76,4.86,336.54,10.02,360.95,18.0,2026-09-21 20:51:08 IST
FEDBAN,2026-06-03,🟢 ACCUMULATE,293.4,310.04,5.67,321.6,9.61,330.27,12.57,2026-09-21 20:51:08 IST
HDFBAN,2026-06-03,🔴 STRG SELL,743.75,734.7,-1.22,774.29,4.11,796.15,7.05,2026-09-21 20:51:08 IST
LGELEC,2026-06-03,🟡 HOLD,1523.9,1540.4,1.08,1578.8,3.6,1556.5,2.14,2026-09-21 20:51:08 IST
HDF250,2026-06-03,🟡 HOLD,170.1,168.66,-0.85,176.38,3.69,179.53,5.54,2026-09-21 20:51:08 IST
ICIGOL,2026-06-03,🟢 ACCUMULATE,128.17,125.45,-2.12,128.2,0.02,121.93,-4.87,2026-09-21 20:51:08 IST
ICINIF,2026-06-03,🟡 HOLD,266.01,273.42,2.79,269.6,1.35,,,2026-09-21 20:51:08 IST
ICIPSE,2026-06-03,🟢 ACCUMULATE,249.38,230.82,-7.44,245.05,-1.74,220.73,-11.49,2026-09-21 20:51:08 IST
NIPNIT,2026-06-03,🔴 STRG SELL,262.69,31.42,-88.04,31.9,-87.86,28.63,-89.1,2026-09-21 20:51:08 IST
BHAELE,2026-06-03,🔴 STRG SELL,405.1,407.8,0.67,419.28,3.5,415.69,2.61,2026-09-21 20:51:08 IST
TATGLO,2026-06-03,🟡 HOLD / RISK,1160.9,1108.0,-4.56,1124.5,-3.14,1090.9,-6.03,2026-09-21 20:51:08 IST
JIOFIN,2026-06-03,🔴 STRG SELL,234.08,229.63,-1.9,242.41,3.56,239.45,2.29,2026-09-21 20:51:08 IST
WIPRO,2026-06-03,🔴 STRG SELL,207.44,176.91,-14.72,182.39,-12.08,168.21,-18.91,2026-09-21 20:51:08 IST
ENGIND,2026-06-03,🟡 HOLD,224.17,232.05,3.52,243.19,8.48,237.58,5.98,2026-09-21 20:51:08 IST
LIC,2026-06-03,🔴 STRG SELL,399.7,386.88,-3.21,408.57,2.22,434.7,8.76,2026-09-21 20:51:08 IST
MIR150,2026-06-03,🔴 STRG SELL,30.18,22.4,-25.78,23.27,-22.9,23.45,-22.3,2026-09-21 20:51:08 IST
DRREDD,2026-06-03,🟡 HOLD,1266.4,1263.69,-0.21,1261.0,-0.43,1331.46,5.14,2026-09-21 20:51:08 IST
SEQSCI,2026-06-03,🟢 ACCUMULATE,1071.6,252.3,-76.46,244.35,-77.2,288.2,-73.11,2026-09-21 20:51:08 IST
JSWENE,2026-06-03,🟡 HOLD / RISK,579.35,560.65,-3.23,572.0,-1.27,569.45,-1.71,2026-09-21 20:51:08 IST
NHPC,2026-06-03,🔴 STRG SELL,75.52,72.47,-4.04,74.21,-1.73,79.35,5.07,2026-09-21 20:51:08 IST
NTPC,2026-06-03,🟡 HOLD,366.7,347.89,-5.13,351.75,-4.08,354.08,-3.44,2026-09-21 20:51:08 IST
NTPGRE,2026-06-03,🟡 HOLD / RISK,101.99,98.32,-3.6,96.99,-4.9,95.08,-6.78,2026-09-21 20:51:08 IST
SJVLIM,2026-06-03,🔴 STRG SELL,73.25,71.43,-2.48,73.48,0.31,72.25,-1.37,2026-09-21 20:51:08 IST
TATPOW,2026-06-03,🟡 HOLD,410.8,392.32,-4.5,399.03,-2.87,375.45,-8.61,2026-09-21 20:51:08 IST
GAIL,2026-06-03,🔴 STRG SELL,163.72,167.52,2.32,174.52,6.6,173.99,6.27,2026-09-21 20:51:08 IST
HINPET,2026-06-03,🔴 STRG SELL,383.45,356.06,-7.14,382.92,-0.14,372.89,-2.75,2026-09-21 20:51:08 IST
ONGC,2026-06-03,🟡 HOLD,268.5,250.83,-6.58,243.96,-9.14,233.99,-12.85,2026-09-21 20:51:08 IST
PETLNG,2026-06-03,🔴 STRG SELL,268.4,265.24,-1.18,292.0,8.79,279.1,3.99,2026-09-21 20:51:08 IST
RELIND,2026-06-03,🔴 STRG SELL,1309.1,1258.8,-3.84,1332.7,1.8,1308.0,-0.08,2026-09-21 20:51:08 IST
GUJPPL,2026-06-03,🔴 STRG SELL,156.64,147.6,-5.77,150.04,-4.21,147.44,-5.87,2026-09-21 20:51:08 IST
IDECEL,2026-06-03,🟡 HOLD / PEAK,14.23,13.88,-2.46,14.92,4.85,14.64,2.88,2026-09-21 20:51:08 IST
ASHLEY,2026-06-06,🔴 STRG SELL,145.29,157.7,8.54,157.19,8.19,166.12,14.34,2026-09-21 20:51:08 IST
TATCAP,2026-06-06,🟡 HOLD,305.9,340.13,11.19,355.26,16.14,349.57,14.28,2026-09-21 20:51:08 IST
FEDBAN,2026-06-06,🟢 ACCUMULATE,304.15,316.02,3.9,322.3,5.97,329.18,8.23,2026-09-21 20:51:08 IST
HDFBAN,2026-06-06,🔴 STRG SELL,747.05,764.7,2.36,786.4,5.27,829.85,11.08,2026-09-21 20:51:08 IST
LGELEC,2026-06-06,🟡 HOLD,1523.9,1529.2,0.35,1607.0,5.45,1560.2,2.38,2026-09-21 20:51:08 IST
ICINIF,2026-06-06,🟡 HOLD,266.01,273.42,2.79,269.6,1.35,,,2026-09-21 20:51:08 IST
BHAELE,2026-06-06,🔴 STRG SELL,408.2,408.99,0.19,430.92,5.57,424.97,4.11,2026-09-21 20:51:08 IST
TATGLO,2026-06-06,🔴 STRG SELL,1130.9,1100.4,-2.7,1112.9,-1.59,1117.9,-1.15,2026-09-21 20:51:08 IST
JIOFIN,2026-06-06,🔴 STRG SELL,236.89,238.96,0.87,242.81,2.5,239.44,1.08,2026-09-21 20:51:08 IST
WIPRO,2026-06-06,🔴 STRG SELL,198.37,179.33,-9.6,178.15,-10.19,172.35,-13.12,2026-09-21 20:51:08 IST
ENGIND,2026-06-06,🟢 ACCUMULATE,237.78,236.07,-0.72,258.5,8.71,243.91,2.58,2026-09-21 20:51:08 IST
LIC,2026-06-06,🔴 STRG SELL,399.9,396.41,-0.87,432.27,8.09,429.1,7.3,2026-09-21 20:51:08 IST
DRREDD,2026-06-06,🟡 HOLD,1278.2,1271.44,-0.53,1282.57,0.34,1359.28,6.34,2026-09-21 20:51:08 IST
SEQSCI,2026-06-06,🟡 HOLD,1044.6,249.95,-76.07,271.2,-74.04,289.85,-72.25,2026-09-21 20:51:08 IST
JSWENE,2026-06-06,🟡 HOLD / RISK,584.2,566.25,-3.07,582.05,-0.37,547.4,-6.3,2026-09-21 20:51:08 IST
NHPC,2026-06-06,🔴 STRG SELL,74.97,74.49,-0.64,78.01,4.05,79.63,6.22,2026-09-21 20:51:08 IST
NTPC,2026-06-06,🟡 HOLD,361.65,344.38,-4.78,363.13,0.41,352.44,-2.55,2026-09-21 20:51:08 IST
NTPGRE,2026-06-06,🟡 HOLD / RISK,100.86,98.73,-2.11,97.18,-3.65,95.03,-5.78,2026-09-21 20:51:08 IST
SJVLIM,2026-06-06,🔴 STRG SELL,73.68,72.75,-1.26,73.75,0.1,71.37,-3.14,2026-09-21 20:51:08 IST
TATPOW,2026-06-06,🟡 HOLD,409.2,401.61,-1.85,403.45,-1.41,377.55,-7.73,2026-09-21 20:51:08 IST
GAIL,2026-06-06,🟡 HOLD / RISK,167.4,174.9,4.48,176.79,5.61,174.52,4.25,2026-09-21 20:51:08 IST
HINPET,2026-06-06,🔴 STRG SELL,385.05,381.97,-0.8,373.98,-2.87,380.73,-1.12,2026-09-21 20:51:08 IST
ONGC,2026-06-06,🟡 HOLD,264.75,242.62,-8.36,244.41,-7.68,242.87,-8.26,2026-09-21 20:51:08 IST
PETLNG,2026-06-06,🔴 STRG SELL,269.45,285.9,6.11,286.5,6.33,275.5,2.25,2026-09-21 20:51:08 IST
RELIND,2026-06-06,🔴 STRG SELL,1291.0,1307.0,1.24,1326.5,2.75,1321.3,2.35,2026-09-21 20:51:08 IST
GUJPPL,2026-06-06,🔴 STRG SELL,155.74,151.21,-2.91,151.92,-2.45,151.38,-2.8,2026-09-21 20:51:08 IST
IDECEL,2026-06-06,🟡 HOLD / PEAK,14.95,14.95,0.0,14.82,-0.87,14.09,-5.75,2026-09-21 20:51:08 IST
ASHLEY,2026-06-10,🔴 STRG SELL,143.46,159.57,11.23,154.91,7.98,156.22,8.89,2026-09-21 20:51:08 IST
TATCAP,2026-06-10,🟡 HOLD,305.9,336.54,10.02,353.46,15.55,345.67,13.0,2026-09-21 20:51:08 IST
FEDBAN,2026-06-10,🟢 ACCUMULATE,313.8,321.6,2.49,324.09,3.28,325.44,3.71,2026-09-21 20:51:08 IST
HDFBAN,2026-06-10,🔴 STRG SELL,740.7,774.29,4.53,793.2,7.09,810.3,9.4,2026-09-21 20:51:08 IST
LGELEC,2026-06-10,🟡 HOLD,1523.9,1578.8,3.6,1566.0,2.76,1545.3,1.4,2026-09-21 20:51:08 IST
HDF250,2026-06-10,🟡 HOLD,171.11,176.38,3.08,179.08,4.66,177.26,3.59,2026-09-21 20:51:08 IST
ICIGOL,2026-06-10,🟡 HOLD,122.0,128.2,5.08,121.59,-0.34,122.8,0.66,2026-09-21 20:51:08 IST
ICINIF,2026-06-10,🟡 HOLD,266.01,273.42,2.79,269.6,1.35,,,2026-09-21 20:51:08 IST
ICIPSE,2026-06-10,🟡 HOLD,222.68,245.05,10.05,222.46,-0.1,219.45,-1.45,2026-09-21 20:51:08 IST
NIPNIT,2026-06-10,🔴 STRG SELL,262.98,31.9,-87.87,30.61,-88.36,30.51,-88.4,2026-09-21 20:51:08 IST
BHAELE,2026-06-10,🔴 STRG SELL,411.95,419.28,1.78,412.99,0.25,407.05,-1.19,2026-09-21 20:51:08 IST
TATGLO,2026-06-10,🔴 STRG SELL,1120.2,1124.5,0.38,1098.1,-1.97,1089.8,-2.71,2026-09-21 20:51:08 IST
JIOFIN,2026-06-10,🔴 STRG SELL,233.44,242.41,3.84,238.31,2.09,229.45,-1.71,2026-09-21 20:51:08 IST
WIPRO,2026-06-10,🔴 STRG SELL,181.89,182.39,0.27,172.51,-5.16,170.77,-6.11,2026-09-21 20:51:08 IST
ENGIND,2026-06-10,🟢 ACCUMULATE,235.81,243.19,3.13,253.69,7.58,235.09,-0.31,2026-09-21 20:51:08 IST
LIC,2026-06-10,🔴 STRG SELL,403.45,408.57,1.27,426.6,5.74,427.9,6.06,2026-09-21 20:51:08 IST
MIR150,2026-06-10,🔴 STRG SELL,30.52,23.27,-23.75,23.38,-23.39,23.35,-23.49,2026-09-21 20:51:08 IST
DRREDD,2026-06-10,🟡 HOLD,1272.8,1261.0,-0.93,1320.03,3.71,1340.5,5.32,2026-09-21 20:51:08 IST
SEQSCI,2026-06-10,🟡 HOLD,1012.7,244.35,-75.87,271.25,-73.22,270.6,-73.28,2026-09-21 20:51:08 IST
JSWENE,2026-06-10,🟡 HOLD / RISK,568.0,572.0,0.7,574.4,1.13,536.95,-5.47,2026-09-21 20:51:08 IST
NHPC,2026-06-10,🔴 STRG SELL,73.68,74.21,0.72,79.09,7.34,78.59,6.66,2026-09-21 20:51:08 IST
NTPC,2026-06-10,🟡 HOLD,354.85,351.75,-0.87,353.23,-0.46,344.97,-2.78,2026-09-21 20:51:08 IST
NTPGRE,2026-06-10,🟡 HOLD / RISK,100.35,96.99,-3.35,94.67,-5.66,92.7,-7.62,2026-09-21 20:51:08 IST
SJVLIM,2026-06-10,🔴 STRG SELL,72.48,73.48,1.38,72.52,0.06,69.77,-3.74,2026-09-21 20:51:08 IST
TATPOW,2026-06-10,🟡 HOLD,395.5,399.03,0.89,393.1,-0.61,372.1,-5.92,2026-09-21 20:51:08 IST
GAIL,2026-06-10,🟡 HOLD / RISK,166.53,174.52,4.8,174.42,4.74,168.75,1.33,2026-09-21 20:51:08 IST
HINPET,2026-06-10,🔴 STRG SELL,382.6,382.92,0.08,392.67,2.63,367.9,-3.84,2026-09-21 20:51:08 IST
ONGC,2026-06-10,🟡 HOLD,259.4,243.96,-5.95,238.98,-7.87,245.95,-5.19,2026-09-21 20:51:08 IST
PETLNG,2026-06-10,🔴 STRG SELL,268.4,292.0,8.79,287.85,7.25,271.6,1.19,2026-09-21 20:51:08 IST
RELIND,2026-06-10,🔴 STRG SELL,1289.7,1332.7,3.33,1313.6,1.85,1275.9,-1.07,2026-09-21 20:51:08 IST
GUJPPL,2026-06-10,🔴 STRG SELL,155.01,150.04,-3.21,151.64,-2.17,145.82,-5.93,2026-09-21 20:51:08 IST
IDECEL,2026-06-10,🟢 ACCUMULATE,13.86,14.92,7.65,14.31,3.25,13.93,0.51,2026-09-21 20:51:08 IST
ASHLEY,2026-06-13,🔴 STRG SELL,152.45,157.19,3.11,157.36,3.22,159.22,4.44,2026-09-21 20:51:08 IST
TATCAP,2026-06-13,🟡 HOLD,305.9,355.26,16.14,368.48,20.46,360.35,17.8,2026-09-21 20:51:08 IST
FEDBAN,2026-06-13,🟢 ACCUMULATE,315.7,322.3,2.09,322.95,2.3,331.37,4.96,2026-09-21 20:51:08 IST
HDFBAN,2026-06-13,🔴 STRG SELL,772.45,786.4,1.81,798.9,3.42,817.95,5.89,2026-09-21 20:51:08 IST
LGELEC,2026-06-13,🟡 HOLD,1523.9,1607.0,5.45,1566.9,2.82,1543.5,1.29,2026-09-21 20:51:08 IST
ICINIF,2026-06-13,🟡 HOLD,266.01,273.42,2.79,269.6,1.35,,,2026-09-21 20:51:08 IST
BHAELE,2026-06-13,🔴 STRG SELL,406.5,430.92,6.01,411.04,1.12,410.24,0.92,2026-09-21 20:51:08 IST
TATGLO,2026-06-13,🔴 STRG SELL,1100.7,1112.9,1.11,1112.8,1.1,1098.6,-0.19,2026-09-21 20:51:08 IST
JIOFIN,2026-06-13,🔴 STRG SELL,235.89,242.81,2.93,236.16,0.11,240.85,2.1,2026-09-21 20:51:08 IST
WIPRO,2026-06-13,🔴 STRG SELL,180.14,178.15,-1.1,173.5,-3.69,176.42,-2.07,2026-09-21 20:51:08 IST
ENGIND,2026-06-13,🟡 HOLD,234.68,258.5,10.15,244.47,4.17,236.66,0.84,2026-09-21 20:51:08 IST
LIC,2026-06-13,🔴 STRG SELL,399.35,432.27,8.24,431.25,7.99,441.3,10.5,2026-09-21 20:51:08 IST
DRREDD,2026-06-13,🟡 HOLD,1275.4,1282.57,0.56,1367.03,7.18,1234.5,-3.21,2026-09-21 20:51:08 IST
SEQSCI,2026-06-13,🟡 HOLD,1055.5,271.2,-74.31,269.8,-74.44,284.35,-73.06,2026-09-21 20:51:08 IST
JSWENE,2026-06-13,🟡 HOLD / RISK,559.35,582.05,4.06,586.25,4.81,553.65,-1.02,2026-09-21 20:51:08 IST
NHPC,2026-06-13,🔴 STRG SELL,73.79,78.01,5.72,81.35,10.25,79.24,7.39,2026-09-21 20:51:08 IST
NTPC,2026-06-13,🟡 HOLD,353.9,363.13,2.61,352.29,-0.45,347.99,-1.67,2026-09-21 20:51:08 IST
NTPGRE,2026-06-13,🟡 HOLD / RISK,98.33,97.18,-1.17,94.47,-3.93,94.55,-3.84,2026-09-21 20:51:08 IST
SJVLIM,2026-06-13,🔴 STRG SELL,72.61,73.75,1.57,71.41,-1.65,70.2,-3.32,2026-09-21 20:51:08 IST
TATPOW,2026-06-13,🟡 HOLD,393.55,403.45,2.52,386.5,-1.79,377.85,-3.99,2026-09-21 20:51:08 IST
GAIL,2026-06-13,🟡 HOLD / RISK,170.5,176.79,3.69,171.72,0.72,172.62,1.24,2026-09-21 20:51:08 IST
HINPET,2026-06-13,🔴 STRG SELL,388.9,373.98,-3.84,370.51,-4.73,372.41,-4.24,2026-09-21 20:51:08 IST
ONGC,2026-06-13,🔴 STRG SELL,246.2,244.41,-0.73,233.06,-5.34,247.4,0.49,2026-09-21 20:51:08 IST
PETLNG,2026-06-13,🟡 HOLD,274.75,286.5,4.28,281.25,2.37,278.95,1.53,2026-09-21 20:51:08 IST
RELIND,2026-06-13,🔴 STRG SELL,1293.0,1326.5,2.59,1301.0,0.62,1296.9,0.3,2026-09-21 20:51:08 IST
GUJPPL,2026-06-13,🔴 STRG SELL,153.88,151.92,-1.27,147.5,-4.15,150.96,-1.9,2026-09-21 20:51:08 IST
IDECEL,2026-06-13,🟡 HOLD / PEAK,14.9,14.82,-0.54,14.43,-3.15,13.96,-6.31,2026-09-21 20:51:08 IST
ASHLEY,2026-06-17,🔴 STRG SELL,159.35,154.91,-2.79,162.32,1.86,156.52,-1.78,2026-09-21 20:51:08 IST
TATCAP,2026-06-17,🟡 HOLD,305.9,353.46,15.55,360.95,18.0,357.0,16.7,2026-09-21 20:51:08 IST
FEDBAN,2026-06-17,🟢 ACCUMULATE,320.4,324.09,1.15,330.27,3.08,326.43,1.88,2026-09-21 20:51:08 IST
HDFBAN,2026-06-17,🔴 STRG SELL,785.75,793.2,0.95,796.15,1.32,815.45,3.78,2026-09-21 20:51:08 IST
LGELEC,2026-06-17,🟡 HOLD,1523.9,1566.0,2.76,1556.5,2.14,1556.7,2.15,2026-09-21 20:51:08 IST
HDF250,2026-06-17,🟢 ACCUMULATE,175.98,179.08,1.76,179.53,2.02,181.97,3.4,2026-09-21 20:51:08 IST
ICIGOL,2026-06-17,🟡 HOLD,123.68,121.59,-1.69,121.93,-1.41,120.68,-2.43,2026-09-21 20:51:08 IST
ICINIF,2026-06-17,🟡 HOLD,266.01,273.42,2.79,269.6,1.35,,,2026-09-21 20:51:08 IST
ICIPSE,2026-06-17,🟡 HOLD,234.78,222.46,-5.25,220.73,-5.98,217.82,-7.22,2026-09-21 20:51:08 IST
NIPNIT,2026-06-17,🔴 STRG SELL,271.06,30.61,-88.71,28.63,-89.44,31.66,-88.32,2026-09-21 20:51:08 IST
BHAELE,2026-06-17,🔴 STRG SELL,407.35,412.99,1.38,415.69,2.05,410.39,0.75,2026-09-21 20:51:08 IST
TATGLO,2026-06-17,🔴 STRG SELL,1133.0,1098.1,-3.08,1090.9,-3.72,1085.5,-4.19,2026-09-21 20:51:08 IST
JIOFIN,2026-06-17,🔴 STRG SELL,243.6,238.31,-2.17,239.45,-1.7,236.04,-3.1,2026-09-21 20:51:08 IST
WIPRO,2026-06-17,🔴 STRG SELL,184.47,172.51,-6.48,168.21,-8.81,172.68,-6.39,2026-09-21 20:51:08 IST
ENGIND,2026-06-17,🟢 ACCUMULATE,241.24,253.69,5.16,237.58,-1.52,230.34,-4.52,2026-09-21 20:51:08 IST
LIC,2026-06-17,🔴 STRG SELL,410.0,426.6,4.05,434.7,6.02,439.75,7.26,2026-09-21 20:51:08 IST
MIR150,2026-06-17,🟡 HOLD,31.46,23.38,-25.68,23.45,-25.46,23.55,-25.14,2026-09-21 20:51:08 IST
DRREDD,2026-06-17,🟡 HOLD,1273.5,1320.03,3.65,1331.46,4.55,1229.5,-3.46,2026-09-21 20:51:08 IST
SEQSCI,2026-06-17,🟢 ACCUMULATE,1110.0,271.25,-75.56,288.2,-74.04,280.45,-74.73,2026-09-21 20:51:08 IST
JSWENE,2026-06-17,🟡 HOLD / RISK,558.4,574.4,2.87,569.45,1.98,549.9,-1.52,2026-09-21 20:51:08 IST
NHPC,2026-06-17,🔴 STRG SELL,74.73,79.09,5.83,79.35,6.18,78.87,5.54,2026-09-21 20:51:08 IST
NTPC,2026-06-17,🟡 HOLD,353.2,353.23,0.01,354.08,0.25,340.67,-3.55,2026-09-21 20:51:08 IST
NTPGRE,2026-06-17,🔴 STRG SELL,97.39,94.67,-2.79,95.08,-2.37,92.98,-4.53,2026-09-21 20:51:08 IST
SJVLIM,2026-06-17,🔴 STRG SELL,73.58,72.52,-1.44,72.25,-1.81,69.66,-5.33,2026-09-21 20:51:08 IST
TATPOW,2026-06-17,🟡 HOLD,401.0,393.1,-1.97,375.45,-6.37,380.9,-5.01,2026-09-21 20:51:08 IST
GAIL,2026-06-17,🟡 HOLD / RISK,176.09,174.42,-0.95,173.99,-1.19,172.65,-1.95,2026-09-21 20:51:08 IST
HINPET,2026-06-17,🔴 STRG SELL,403.55,392.67,-2.7,372.89,-7.6,375.08,-7.05,2026-09-21 20:51:08 IST
ONGC,2026-06-17,🔴 STRG SELL,245.65,238.98,-2.72,233.99,-4.75,246.13,0.2,2026-09-21 20:51:08 IST
PETLNG,2026-06-17,🟡 HOLD,291.35,287.85,-1.2,279.1,-4.2,278.4,-4.44,2026-09-21 20:51:08 IST
RELIND,2026-06-17,🔴 STRG SELL,1329.4,1313.6,-1.19,1308.0,-1.61,1295.5,-2.55,2026-09-21 20:51:08 IST
GUJPPL,2026-06-17,🔴 STRG SELL,155.9,151.64,-2.73,147.44,-5.43,146.86,-5.8,2026-09-21 20:51:08 IST
IDECEL,2026-06-17,🟢 ACCUMULATE,14.59,14.31,-1.92,14.64,0.34,13.67,-6.31,2026-09-21 20:51:08 IST
ASHLEY,2026-06-20,🔴 STRG SELL,156.66,157.36,0.45,166.12,6.04,154.8,-1.19,2026-09-21 20:51:08 IST
TATCAP,2026-06-20,🟡 HOLD,305.9,368.48,20.46,349.57,14.28,352.41,15.2,2026-09-21 20:51:08 IST
FEDBAN,2026-06-20,🟢 ACCUMULATE,323.95,322.95,-0.31,329.18,1.61,349.56,7.91,2026-09-21 20:51:08 IST
HDFBAN,2026-06-20,🔴 STRG SELL,779.8,798.9,2.45,829.85,6.42,777.6,-0.28,2026-09-21 20:51:08 IST
LGELEC,2026-06-20,🟡 HOLD,1523.9,1566.9,2.82,1560.2,2.38,1576.4,3.45,2026-09-21 20:51:08 IST
ICINIF,2026-06-20,🟡 HOLD,266.01,273.42,2.79,269.6,1.35,,,2026-09-21 20:51:08 IST
BHAELE,2026-06-20,🟡 HOLD,426.9,411.04,-3.72,424.97,-0.45,407.6,-4.52,2026-09-21 20:51:08 IST
TATGLO,2026-06-20,🔴 STRG SELL,1111.5,1112.8,0.12,1117.9,0.58,1091.9,-1.76,2026-09-21 20:51:08 IST
JIOFIN,2026-06-20,🔴 STRG SELL,244.45,236.16,-3.39,239.44,-2.05,238.36,-2.49,2026-09-21 20:51:08 IST
WIPRO,2026-06-20,🔴 STRG SELL,180.8,173.5,-4.04,172.35,-4.67,174.39,-3.55,2026-09-21 20:51:08 IST
ENGIND,2026-06-20,🟢 ACCUMULATE,250.74,244.47,-2.5,243.91,-2.72,229.78,-8.36,2026-09-21 20:51:08 IST
LIC,2026-06-20,🟡 HOLD,440.15,431.25,-2.02,429.1,-2.51,433.0,-1.62,2026-09-21 20:51:08 IST
DRREDD,2026-06-20,🟡 HOLD,1272.1,1367.03,7.46,1359.28,6.85,1223.1,-3.85,2026-09-21 20:51:08 IST
SEQSCI,2026-06-20,🟢 ACCUMULATE,1110.9,269.8,-75.71,289.85,-73.91,264.55,-76.19,2026-09-21 20:51:08 IST
JSWENE,2026-06-20,🟡 HOLD / RISK,570.1,586.25,2.83,547.4,-3.98,567.7,-0.42,2026-09-21 20:51:08 IST
NHPC,2026-06-20,🔴 STRG SELL,75.82,81.35,7.29,79.63,5.03,80.78,6.54,2026-09-21 20:51:08 IST
NTPC,2026-06-20,🟡 HOLD,365.8,352.29,-3.69,352.44,-3.65,343.54,-6.09,2026-09-21 20:51:08 IST
NTPGRE,2026-06-20,🔴 STRG SELL,96.04,94.47,-1.63,95.03,-1.05,91.98,-4.23,2026-09-21 20:51:08 IST
SJVLIM,2026-06-20,🔴 STRG SELL,72.88,71.41,-2.02,71.37,-2.07,68.73,-5.69,2026-09-21 20:51:08 IST
TATPOW,2026-06-20,🟡 HOLD,402.35,386.5,-3.94,377.55,-6.16,384.3,-4.49,2026-09-21 20:51:08 IST
GAIL,2026-06-20,🟡 HOLD / RISK,173.9,171.72,-1.25,174.52,0.36,172.51,-0.8,2026-09-21 20:51:08 IST
HINPET,2026-06-20,🔴 STRG SELL,392.1,370.51,-5.51,380.73,-2.9,385.54,-1.67,2026-09-21 20:51:08 IST
ONGC,2026-06-20,🔴 STRG SELL,246.25,233.06,-5.36,242.87,-1.37,248.52,0.92,2026-09-21 20:51:08 IST
PETLNG,2026-06-20,🟡 HOLD,288.7,281.25,-2.58,275.5,-4.57,275.05,-4.73,2026-09-21 20:51:08 IST
RELIND,2026-06-20,🔴 STRG SELL,1309.5,1301.0,-0.65,1321.3,0.9,1323.1,1.04,2026-09-21 20:51:08 IST
GUJPPL,2026-06-20,🔴 STRG SELL,153.08,147.5,-3.65,151.38,-1.11,147.0,-3.97,2026-09-21 20:51:08 IST
IDECEL,2026-06-20,🟢 ACCUMULATE,14.92,14.43,-3.28,14.09,-5.56,13.51,-9.45,2026-09-21 20:51:08 IST
ASHLEY,2026-06-24,🔴 STRG SELL,151.46,162.32,7.17,156.22,3.14,152.49,0.68,2026-09-21 20:51:08 IST
TATCAP,2026-06-24,🟡 HOLD,305.9,360.95,18.0,345.67,13.0,346.77,13.36,2026-09-21 20:51:08 IST
FEDBAN,2026-06-24,🟢 ACCUMULATE,319.9,330.27,3.24,325.44,1.73,352.05,10.05,2026-09-21 20:51:08 IST
HDFBAN,2026-06-24,🔴 STRG SELL,774.65,796.15,2.78,810.3,4.6,753.15,-2.78,2026-09-21 20:51:08 IST
LGELEC,2026-06-24,🟡 HOLD,1523.9,1556.5,2.14,1545.3,1.4,1529.4,0.36,2026-09-21 20:51:08 IST
ICINIF,2026-06-24,🟡 HOLD,266.01,273.42,2.79,269.6,1.35,,,2026-09-21 20:51:08 IST
BHAELE,2026-06-24,🟡 HOLD,420.0,415.69,-1.03,407.05,-3.08,406.2,-3.29,2026-09-21 20:51:08 IST
TATGLO,2026-06-24,🔴 STRG SELL,1103.8,1090.9,-1.17,1089.8,-1.27,1094.9,-0.81,2026-09-21 20:51:08 IST
JIOFIN,2026-06-24,🔴 STRG SELL,237.81,239.45,0.69,229.45,-3.52,234.25,-1.5,2026-09-21 20:51:08 IST
WIPRO,2026-06-24,🔴 STRG SELL,174.49,168.21,-3.6,170.77,-2.13,172.47,-1.16,2026-09-21 20:51:08 IST
ENGIND,2026-06-24,🟢 ACCUMULATE,260.24,237.58,-8.71,235.09,-9.66,225.39,-13.39,2026-09-21 20:51:08 IST
LIC,2026-06-24,🟡 HOLD,440.15,434.7,-1.24,427.9,-2.78,423.3,-3.83,2026-09-21 20:51:08 IST
DRREDD,2026-06-24,🟢 ACCUMULATE,1301.3,1331.46,2.32,1340.5,3.01,1182.8,-9.11,2026-09-21 20:51:08 IST
SEQSCI,2026-06-24,🟢 ACCUMULATE,1111.2,288.2,-74.06,270.6,-75.65,256.75,-76.89,2026-09-21 20:51:08 IST
JSWENE,2026-06-24,🟡 HOLD / RISK,568.9,569.45,0.1,536.95,-5.62,561.7,-1.27,2026-09-21 20:51:08 IST
NHPC,2026-06-24,🔴 STRG SELL,77.9,79.35,1.86,78.59,0.89,80.06,2.77,2026-09-21 20:51:08 IST
NTPC,2026-06-24,🟡 HOLD,364.6,354.08,-2.89,344.97,-5.38,346.75,-4.9,2026-09-21 20:51:08 IST
NTPGRE,2026-06-24,🔴 STRG SELL,95.73,95.08,-0.68,92.7,-3.17,91.3,-4.63,2026-09-21 20:51:08 IST
SJVLIM,2026-06-24,🔴 STRG SELL,72.96,72.25,-0.97,69.77,-4.37,68.3,-6.39,2026-09-21 20:51:08 IST
TATPOW,2026-06-24,🟡 HOLD,398.3,375.45,-5.74,372.1,-6.58,378.55,-4.96,2026-09-21 20:51:08 IST
GAIL,2026-06-24,🟡 HOLD / RISK,173.84,173.99,0.09,168.75,-2.93,172.51,-0.77,2026-09-21 20:51:08 IST
HINPET,2026-06-24,🔴 STRG SELL,396.75,372.89,-6.01,367.9,-7.27,375.84,-5.27,2026-09-21 20:51:08 IST
ONGC,2026-06-24,🔴 STRG SELL,244.35,233.99,-4.24,245.95,0.65,250.83,2.65,2026-09-21 20:51:08 IST
PETLNG,2026-06-24,🟡 HOLD,284.95,279.1,-2.05,271.6,-4.69,279.65,-1.86,2026-09-21 20:51:08 IST
RELIND,2026-06-24,🔴 STRG SELL,1309.5,1308.0,-0.11,1275.9,-2.57,1288.6,-1.6,2026-09-21 20:51:08 IST
GUJPPL,2026-06-24,🔴 STRG SELL,154.72,147.44,-4.71,145.82,-5.75,144.3,-6.73,2026-09-21 20:51:08 IST
IDECEL,2026-06-24,🟢 ACCUMULATE,14.45,14.64,1.31,13.93,-3.6,13.54,-6.3,2026-09-21 20:51:08 IST
ASHLEY,2026-06-27,🔴 STRG SELL,160.68,166.12,3.39,159.22,-0.91,155.06,-3.5,2026-09-21 20:51:08 IST
TATCAP,2026-06-27,🟡 HOLD,305.9,349.57,14.28,360.35,17.8,350.55,14.6,2026-09-21 20:51:08 IST
FEDBAN,2026-06-27,🟢 ACCUMULATE,324.05,329.18,1.58,331.37,2.26,355.29,9.64,2026-09-21 20:51:08 IST
HDFBAN,2026-06-27,🔴 STRG SELL,796.3,829.85,4.21,817.95,2.72,739.55,-7.13,2026-09-21 20:51:08 IST
LGELEC,2026-06-27,🟡 HOLD,1523.9,1560.2,2.38,1543.5,1.29,1526.8,0.19,2026-09-21 20:51:08 IST
HDF250,2026-06-27,🟢 ACCUMULATE,177.91,182.15,2.38,183.23,2.99,179.94,1.14,2026-09-21 20:51:08 IST
ICIGOL,2026-06-27,🔴 STRG SELL,114.96,123.75,7.65,121.07,5.31,122.93,6.93,2026-09-21 20:51:08 IST
ICINIF,2026-06-27,🟡 HOLD,266.01,273.42,2.79,269.6,1.35,,,2026-09-21 20:51:08 IST
ICIPSE,2026-06-27,🔴 STRG SELL,206.57,230.03,11.36,216.5,4.81,222.24,7.59,2026-09-21 20:51:08 IST
NIPNIT,2026-06-27,🔴 STRG SELL,272.14,30.28,-88.87,32.16,-88.18,32.7,-87.98,2026-09-21 20:51:08 IST
BHAELE,2026-06-27,🔴 STRG SELL,407.2,424.97,4.36,410.24,0.75,406.6,-0.15,2026-09-21 20:51:08 IST
TATGLO,2026-06-27,🔴 STRG SELL,1131.3,1117.9,-1.18,1098.6,-2.89,1107.4,-2.11,2026-09-21 20:51:08 IST
JIOFIN,2026-06-27,🔴 STRG SELL,239.43,239.44,0.0,240.85,0.59,235.62,-1.59,2026-09-21 20:51:08 IST
WIPRO,2026-06-27,🔴 STRG SELL,175.0,172.35,-1.51,176.42,0.81,178.53,2.02,2026-09-21 20:51:08 IST
ENGIND,2026-06-27,🟢 ACCUMULATE,251.82,243.91,-3.14,236.66,-6.02,226.42,-10.09,2026-09-21 20:51:08 IST
LIC,2026-06-27,🟡 HOLD,423.35,429.1,1.36,441.3,4.24,424.35,0.24,2026-09-21 20:51:08 IST
MIR150,2026-06-27,🟡 HOLD,31.5,23.49,-25.43,23.63,-24.98,23.41,-25.68,2026-09-21 20:51:08 IST
DRREDD,2026-06-27,🟢 ACCUMULATE,1350.5,1359.28,0.65,1234.5,-8.59,1150.8,-14.79,2026-09-21 20:51:08 IST
SEQSCI,2026-06-27,🟡 HOLD,1082.2,289.85,-73.22,284.35,-73.72,259.7,-76.0,2026-09-21 20:51:08 IST
JSWENE,2026-06-27,🟡 HOLD / RISK,573.5,547.4,-4.55,553.65,-3.46,549.7,-4.15,2026-09-21 20:51:08 IST
NHPC,2026-06-27,🟡 HOLD / RISK,79.4,79.63,0.29,79.24,-0.2,79.5,0.13,2026-09-21 20:51:08 IST
NTPC,2026-06-27,🔴 STRG SELL,352.05,352.44,0.11,347.99,-1.15,347.05,-1.42,2026-09-21 20:51:08 IST
NTPGRE,2026-06-27,🔴 STRG SELL,95.72,95.03,-0.72,94.55,-1.22,93.69,-2.12,2026-09-21 20:51:08 IST
SJVLIM,2026-06-27,🔴 STRG SELL,72.09,71.37,-1.0,70.2,-2.62,67.68,-6.12,2026-09-21 20:51:08 IST
TATPOW,2026-06-27,🔴 STRG SELL,388.95,377.55,-2.93,377.85,-2.85,377.35,-2.98,2026-09-21 20:51:08 IST
GAIL,2026-06-27,🟡 HOLD / RISK,172.85,174.52,0.97,172.62,-0.13,173.73,0.51,2026-09-21 20:51:08 IST
HINPET,2026-06-27,🔴 STRG SELL,409.25,380.73,-6.97,372.41,-9.0,374.65,-8.45,2026-09-21 20:51:08 IST
ONGC,2026-06-27,🔴 STRG SELL,233.1,242.87,4.19,247.4,6.13,237.55,1.91,2026-09-21 20:51:08 IST
PETLNG,2026-06-27,🟡 HOLD,282.25,275.5,-2.39,278.95,-1.17,272.9,-3.31,2026-09-21 20:51:08 IST
RELIND,2026-06-27,🔴 STRG SELL,1318.1,1321.3,0.24,1296.9,-1.61,1280.0,-2.89,2026-09-21 20:51:08 IST
GUJPPL,2026-06-27,🔴 STRG SELL,153.81,151.38,-1.58,150.96,-1.85,143.92,-6.43,2026-09-21 20:51:08 IST
IDECEL,2026-06-27,🟢 ACCUMULATE,14.06,14.09,0.21,13.96,-0.71,13.06,-7.11,2026-09-21 20:51:08 IST
ASHLEY,2026-07-01,🔴 STRG SELL,161.09,156.22,-3.02,156.52,-2.84,157.96,-1.94,2026-09-21 20:51:08 IST
TATCAP,2026-07-01,🟡 HOLD,305.9,345.67,13.0,357.0,16.7,361.8,18.27,2026-09-21 20:51:08 IST
FEDBAN,2026-07-01,🟢 ACCUMULATE,327.6,325.44,-0.66,326.43,-0.36,357.93,9.26,2026-09-21 20:51:08 IST
HDFBAN,2026-07-01,🔴 STRG SELL,799.85,810.3,1.31,815.45,1.95,748.2,-6.46,2026-09-21 20:51:08 IST
LGELEC,2026-07-01,🟡 HOLD,1523.9,1545.3,1.4,1556.7,2.15,1518.2,-0.37,2026-09-21 20:51:08 IST
HDF250,2026-07-01,🟢 ACCUMULATE,179.5,177.26,-1.25,181.97,1.38,181.22,0.96,2026-09-21 20:51:08 IST
ICIGOL,2026-07-01,🔴 STRG SELL,115.17,121.16,5.2,120.58,4.7,121.1,5.15,2026-09-21 20:51:08 IST
ICINIF,2026-07-01,🟡 HOLD,266.01,273.42,2.79,269.6,1.35,,,2026-09-21 20:51:08 IST
ICIPSE,2026-07-01,🟡 HOLD,211.89,219.45,3.57,217.82,2.8,215.76,1.83,2026-09-21 20:51:08 IST
NIPNIT,2026-07-01,🔴 STRG SELL,270.89,30.51,-88.74,31.66,-88.31,34.54,-87.25,2026-09-21 20:51:08 IST
BHAELE,2026-07-01,🔴 STRG SELL,412.5,407.05,-1.32,410.39,-0.51,387.02,-6.18,2026-09-21 20:51:08 IST
TATGLO,2026-07-01,🔴 STRG SELL,1084.9,1089.8,0.45,1085.5,0.06,1096.1,1.03,2026-09-21 20:51:08 IST
JIOFIN,2026-07-01,🔴 STRG SELL,237.69,229.45,-3.47,236.04,-0.69,248.9,4.72,2026-09-21 20:51:08 IST
WIPRO,2026-07-01,🔴 STRG SELL,171.54,170.77,-0.45,172.68,0.66,183.61,7.04,2026-09-21 20:51:08 IST
ENGIND,2026-07-01,🟡 HOLD,239.08,235.09,-1.67,230.34,-3.66,225.56,-5.66,2026-09-21 20:51:08 IST
LIC,2026-07-01,🟡 HOLD,432.25,427.9,-1.01,439.75,1.74,423.9,-1.93,2026-09-21 20:51:08 IST
MIR150,2026-07-01,🟡 HOLD,31.31,23.02,-26.48,23.61,-24.59,23.62,-24.56,2026-09-21 20:51:08 IST
DRREDD,2026-07-01,🟢 ACCUMULATE,1351.7,1340.5,-0.83,1229.5,-9.04,1142.3,-15.49,2026-09-21 20:51:08 IST
SEQSCI,2026-07-01,🟡 HOLD,1095.0,270.6,-75.29,280.45,-74.39,256.75,-76.55,2026-09-21 20:51:08 IST
JSWENE,2026-07-01,🟡 HOLD / RISK,579.85,536.95,-7.4,549.9,-5.17,545.7,-5.89,2026-09-21 20:51:08 IST
NHPC,2026-07-01,🟡 HOLD / RISK,80.5,78.59,-2.37,78.87,-2.02,77.69,-3.49,2026-09-21 20:51:08 IST
NTPC,2026-07-01,🟡 HOLD,355.25,344.97,-2.89,340.67,-4.1,339.83,-4.34,2026-09-21 20:51:08 IST
NTPGRE,2026-07-01,🔴 STRG SELL,95.75,92.7,-3.19,92.98,-2.89,91.48,-4.46,2026-09-21 20:51:08 IST
SJVLIM,2026-07-01,🔴 STRG SELL,73.16,69.77,-4.63,69.66,-4.78,68.65,-6.16,2026-09-21 20:51:08 IST
TATPOW,2026-07-01,🔴 STRG SELL,384.95,372.1,-3.34,380.9,-1.05,377.25,-2.0,2026-09-21 20:51:08 IST
GAIL,2026-07-01,🟡 HOLD / RISK,172.86,168.75,-2.38,172.65,-0.12,174.61,1.01,2026-09-21 20:51:08 IST
HINPET,2026-07-01,🔴 STRG SELL,394.35,367.9,-6.71,375.08,-4.89,373.51,-5.28,2026-09-21 20:51:08 IST
ONGC,2026-07-01,🔴 STRG SELL,234.85,245.95,4.73,246.13,4.8,237.3,1.04,2026-09-21 20:51:08 IST
PETLNG,2026-07-01,🟡 HOLD,279.95,271.6,-2.98,278.4,-0.55,277.1,-1.02,2026-09-21 20:51:08 IST
RELIND,2026-07-01,🔴 STRG SELL,1301.3,1275.9,-1.95,1295.5,-0.45,1275.9,-1.95,2026-09-21 20:51:08 IST
GUJPPL,2026-07-01,🔴 STRG SELL,152.66,145.82,-4.48,146.86,-3.8,145.74,-4.53,2026-09-21 20:51:08 IST
IDECEL,2026-07-01,🟢 ACCUMULATE,14.45,13.93,-3.6,13.67,-5.4,13.05,-9.69,2026-09-21 20:51:08 IST
ASHLEY,2026-07-04,🟡 HOLD,164.35,159.22,-3.12,154.8,-5.81,174.55,6.21,2026-09-21 20:51:08 IST
TATCAP,2026-07-04,🟡 HOLD,305.9,360.35,17.8,352.41,15.2,364.75,19.24,2026-09-21 20:51:08 IST
FEDBAN,2026-07-04,🟢 ACCUMULATE,327.4,331.37,1.21,349.56,6.77,370.43,13.14,2026-09-21 20:51:08 IST
HDFBAN,2026-07-04,🔴 STRG SELL,801.05,817.95,2.11,777.6,-2.93,753.0,-6.0,2026-09-21 20:51:08 IST
LGELEC,2026-07-04,🟡 HOLD,1523.9,1543.5,1.29,1576.4,3.45,1569.8,3.01,2026-09-21 20:51:08 IST
ICINIF,2026-07-04,🟡 HOLD,266.01,273.42,2.79,269.6,1.35,,,2026-09-21 20:51:08 IST
BHAELE,2026-07-04,🔴 STRG SELL,418.05,410.24,-1.87,407.6,-2.5,391.62,-6.32,2026-09-21 20:51:08 IST
TATGLO,2026-07-04,🔴 STRG SELL,1116.7,1098.6,-1.62,1091.9,-2.22,1110.0,-0.6,2026-09-21 20:51:08 IST
JIOFIN,2026-07-04,🔴 STRG SELL,239.35,240.85,0.63,238.36,-0.41,262.39,9.63,2026-09-21 20:51:08 IST
WIPRO,2026-07-04,🔴 STRG SELL,176.08,176.42,0.19,174.39,-0.96,188.66,7.14,2026-09-21 20:51:08 IST
ENGIND,2026-07-04,🟡 HOLD,237.49,236.66,-0.35,229.78,-3.25,226.8,-4.5,2026-09-21 20:51:08 IST
LIC,2026-07-04,🟡 HOLD,430.25,441.3,2.57,433.0,0.64,428.5,-0.41,2026-09-21 20:51:08 IST
DRREDD,2026-07-04,🟢 ACCUMULATE,1374.1,1234.5,-10.16,1223.1,-10.99,1180.0,-14.13,2026-09-21 20:51:08 IST
SEQSCI,2026-07-04,🟢 ACCUMULATE,1126.8,284.35,-74.76,264.55,-76.52,263.7,-76.6,2026-09-21 20:51:08 IST
JSWENE,2026-07-04,🟡 HOLD / RISK,550.2,553.65,0.63,567.7,3.18,569.0,3.42,2026-09-21 20:51:08 IST
NHPC,2026-07-04,🟡 HOLD / RISK,80.53,79.24,-1.6,80.78,0.31,79.03,-1.86,2026-09-21 20:51:08 IST
NTPC,2026-07-04,🟡 HOLD,356.45,347.99,-2.37,343.54,-3.62,347.15,-2.61,2026-09-21 20:51:08 IST
NTPGRE,2026-07-04,🔴 STRG SELL,95.44,94.55,-0.93,91.98,-3.63,90.7,-4.97,2026-09-21 20:51:08 IST
SJVLIM,2026-07-04,🔴 STRG SELL,72.55,70.2,-3.24,68.73,-5.27,69.05,-4.82,2026-09-21 20:51:08 IST
TATPOW,2026-07-04,🔴 STRG SELL,375.2,377.85,0.71,384.3,2.43,382.0,1.81,2026-09-21 20:51:08 IST
GAIL,2026-07-04,🟡 HOLD / RISK,174.15,172.62,-0.88,172.51,-0.94,173.8,-0.2,2026-09-21 20:51:08 IST
HINPET,2026-07-04,🔴 STRG SELL,399.25,372.41,-6.72,385.54,-3.43,375.65,-5.91,2026-09-21 20:51:08 IST
ONGC,2026-07-04,🔴 STRG SELL,237.84,247.4,4.02,248.52,4.49,240.97,1.32,2026-09-21 20:51:08 IST
PETLNG,2026-07-04,🟡 HOLD,275.95,278.95,1.09,275.05,-0.33,284.85,3.23,2026-09-21 20:51:08 IST
RELIND,2026-07-04,🔴 STRG SELL,1304.0,1296.9,-0.54,1323.1,1.46,1319.0,1.15,2026-09-21 20:51:08 IST
GUJPPL,2026-07-04,🔴 STRG SELL,154.69,150.96,-2.41,147.0,-4.97,146.89,-5.04,2026-09-21 20:51:08 IST
IDECEL,2026-07-04,🟢 ACCUMULATE,14.25,13.96,-2.04,13.51,-5.19,12.86,-9.75,2026-09-21 20:51:08 IST
ASHLEY,2026-07-08,🟡 HOLD,164.16,156.52,-4.65,152.49,-7.11,177.0,7.82,2026-09-21 20:51:08 IST
TATCAP,2026-07-08,🟡 HOLD,305.9,357.0,16.7,346.77,13.36,371.9,21.58,2026-09-21 20:51:08 IST
HDFBAN,2026-07-08,🔴 STRG SELL,829.3,815.45,-1.67,753.15,-9.18,735.0,-11.37,2026-09-21 20:51:08 IST
LGELEC,2026-07-08,🟡 HOLD,1523.9,1556.7,2.15,1529.4,0.36,1578.6,3.59,2026-09-21 20:51:08 IST
ICINIF,2026-07-08,🟡 HOLD,266.01,273.42,2.79,269.6,1.35,,,2026-09-21 20:51:08 IST
BHAELE,2026-07-08,🔴 STRG SELL,419.15,410.39,-2.09,406.2,-3.09,389.47,-7.08,2026-09-21 20:51:08 IST
TATGLO,2026-07-08,🔴 STRG SELL,1125.0,1085.5,-3.51,1094.9,-2.68,1096.3,-2.55,2026-09-21 20:51:08 IST
JIOFIN,2026-07-08,🔴 STRG SELL,243.07,236.04,-2.89,234.25,-3.63,261.34,7.52,2026-09-21 20:51:08 IST
WIPRO,2026-07-08,🔴 STRG SELL,173.0,172.68,-0.18,172.47,-0.31,186.99,8.09,2026-09-21 20:51:08 IST
LIC,2026-07-08,🟡 HOLD,435.4,439.75,1.0,423.3,-2.78,393.0,-9.74,2026-09-21 20:51:08 IST
DRREDD,2026-07-08,🟢 ACCUMULATE,1354.6,1229.5,-9.24,1182.8,-12.68,1176.0,-13.18,2026-09-21 20:51:08 IST
JSWENE,2026-07-08,🟡 HOLD / RISK,544.2,549.9,1.05,561.7,3.22,566.0,4.01,2026-09-21 20:51:08 IST
NHPC,2026-07-08,🟡 HOLD / RISK,78.89,78.87,-0.03,80.06,1.48,78.39,-0.63,2026-09-21 20:51:08 IST
NTPC,2026-07-08,🔴 STRG SELL,354.2,340.67,-3.82,346.75,-2.1,346.16,-2.27,2026-09-21 20:51:08 IST
NTPGRE,2026-07-08,🔴 STRG SELL,92.67,92.98,0.33,91.3,-1.48,90.66,-2.17,2026-09-21 20:51:08 IST
SJVLIM,2026-07-08,🔴 STRG SELL,71.8,69.66,-2.98,68.3,-4.87,68.74,-4.26,2026-09-21 20:51:08 IST
TATPOW,2026-07-08,🔴 STRG SELL,377.2,380.9,0.98,378.55,0.36,383.0,1.54,2026-09-21 20:51:08 IST
HINPET,2026-07-08,🔴 STRG SELL,405.95,375.08,-7.6,375.84,-7.42,375.6,-7.48,2026-09-21 20:51:08 IST
ONGC,2026-07-08,🔴 STRG SELL,244.18,246.13,0.8,250.83,2.72,239.18,-2.05,2026-09-21 20:51:08 IST
RELIND,2026-07-08,🔴 STRG SELL,1308.4,1295.5,-0.99,1288.6,-1.51,1280.0,-2.17,2026-09-21 20:51:08 IST
GUJPPL,2026-07-08,🔴 STRG SELL,154.16,146.86,-4.74,144.3,-6.4,147.19,-4.52,2026-09-21 20:51:08 IST
IDECEL,2026-07-08,🟢 ACCUMULATE,13.85,13.67,-1.3,13.54,-2.24,12.8,-7.58,2026-09-21 20:51:08 IST
ASHLEY,2026-07-11,🔴 STRG SELL,157.49,154.8,-1.71,155.06,-1.54,174.0,10.48,2026-09-21 20:51:08 IST
TATCAP,2026-07-11,🟡 HOLD,305.9,352.41,15.2,350.55,14.6,367.85,20.25,2026-09-21 20:51:08 IST
HDFBAN,2026-07-11,🔴 STRG SELL,824.95,777.6,-5.74,739.55,-10.35,731.0,-11.39,2026-09-21 20:51:08 IST
LGELEC,2026-07-11,🟡 HOLD,1523.9,1576.4,3.45,1526.8,0.19,1557.8,2.22,2026-09-21 20:51:08 IST
ICINIF,2026-07-11,🟡 HOLD,266.01,273.42,2.79,269.6,1.35,,,2026-09-21 20:51:08 IST
BHAELE,2026-07-11,🔴 STRG SELL,414.85,407.6,-1.75,406.6,-1.99,403.8,-2.66,2026-09-21 20:51:08 IST
JIOFIN,2026-07-11,🔴 STRG SELL,241.96,238.36,-1.49,235.62,-2.62,254.0,4.98,2026-09-21 20:51:08 IST
WIPRO,2026-07-11,🔴 STRG SELL,175.46,174.39,-0.61,178.53,1.75,185.5,5.72,2026-09-21 20:51:08 IST
LIC,2026-07-11,🟡 HOLD,443.05,433.0,-2.27,424.35,-4.22,393.0,-11.3,2026-09-21 20:51:08 IST
NHPC,2026-07-11,🟡 HOLD / RISK,79.82,80.78,1.2,79.5,-0.4,76.99,-3.55,2026-09-21 20:51:08 IST
NTPC,2026-07-11,🔴 STRG SELL,344.55,343.54,-0.29,347.05,0.73,336.81,-2.25,2026-09-21 20:51:08 IST
NTPGRE,2026-07-11,🔴 STRG SELL,94.1,91.98,-2.25,93.69,-0.44,91.88,-2.36,2026-09-21 20:51:08 IST
SJVLIM,2026-07-11,🔴 STRG SELL,70.88,68.73,-3.03,67.68,-4.51,67.54,-4.71,2026-09-21 20:51:08 IST
TATPOW,2026-07-11,🔴 STRG SELL,381.3,384.3,0.79,377.35,-1.04,382.0,0.18,2026-09-21 20:51:08 IST
ONGC,2026-07-11,🔴 STRG SELL,244.96,248.52,1.45,237.55,-3.02,238.82,-2.51,2026-09-21 20:51:08 IST
RELIND,2026-07-11,🔴 STRG SELL,1307.8,1323.1,1.17,1280.0,-2.13,1327.3,1.49,2026-09-21 20:51:08 IST
IDECEL,2026-07-11,🟢 ACCUMULATE,14.19,13.51,-4.79,13.06,-7.96,12.92,-8.95,2026-09-21 20:51:08 IST
ASHLEY,2026-07-15,🔴 STRG SELL,155.19,152.49,-1.74,157.96,1.78,176.7,13.86,2026-09-21 20:51:08 IST
TATCAP,2026-07-15,🟡 HOLD,305.9,346.77,13.36,361.8,18.27,367.05,19.99,2026-09-21 20:51:08 IST
HDFBAN,2026-07-15,🔴 STRG SELL,809.4,753.15,-6.95,748.2,-7.56,729.0,-9.93,2026-09-21 20:51:08 IST
LGELEC,2026-07-15,🟡 HOLD,1523.9,1529.4,0.36,1518.2,-0.37,1578.8,3.6,2026-09-21 20:51:08 IST
ICINIF,2026-07-15,🟡 HOLD,266.01,273.42,2.79,269.6,1.35,,,2026-09-21 20:51:08 IST
BHAELE,2026-07-15,🔴 STRG SELL,410.1,406.2,-0.95,387.02,-5.63,405.15,-1.21,2026-09-21 20:51:08 IST
TATGLO,2026-07-15,🔴 STRG SELL,1097.6,1094.9,-0.25,1096.1,-0.14,1061.9,-3.25,2026-09-21 20:51:08 IST
JIOFIN,2026-07-15,🔴 STRG SELL,235.97,234.25,-0.73,248.9,5.48,256.05,8.51,2026-09-21 20:51:08 IST
WIPRO,2026-07-15,🔴 STRG SELL,177.14,172.47,-2.64,183.61,3.65,183.94,3.84,2026-09-21 20:51:08 IST
ENGIND,2026-07-15,🟡 HOLD,228.68,225.39,-1.44,225.56,-1.36,239.2,4.6,2026-09-21 20:51:08 IST
DRREDD,2026-07-15,🔴 STRG SELL,1246.2,1182.8,-5.09,1142.3,-8.34,1200.0,-3.71,2026-09-21 20:51:08 IST
NHPC,2026-07-15,🟡 HOLD / RISK,78.77,80.06,1.64,77.69,-1.37,76.85,-2.44,2026-09-21 20:51:08 IST
NTPC,2026-07-15,🔴 STRG SELL,348.15,346.75,-0.4,339.83,-2.39,335.82,-3.54,2026-09-21 20:51:08 IST
SJVLIM,2026-07-15,🔴 STRG SELL,70.38,68.3,-2.96,68.65,-2.46,66.75,-5.16,2026-09-21 20:51:08 IST
TATPOW,2026-07-15,🔴 STRG SELL,377.7,378.55,0.23,377.25,-0.12,379.45,0.46,2026-09-21 20:51:08 IST
GAIL,2026-07-15,🟡 HOLD / RISK,171.51,172.51,0.58,174.61,1.81,177.43,3.45,2026-09-21 20:51:08 IST
HINPET,2026-07-15,🔴 STRG SELL,386.0,375.84,-2.63,373.51,-3.24,370.89,-3.91,2026-09-21 20:51:08 IST
ONGC,2026-07-15,🔴 STRG SELL,248.9,250.83,0.78,237.3,-4.66,238.04,-4.36,2026-09-21 20:51:08 IST
PETLNG,2026-07-15,🟡 HOLD,276.05,279.65,1.3,277.1,0.38,279.85,1.38,2026-09-21 20:51:08 IST
RELIND,2026-07-15,🔴 STRG SELL,1293.0,1288.6,-0.34,1275.9,-1.32,1329.0,2.78,2026-09-21 20:51:08 IST
GUJPPL,2026-07-15,🔴 STRG SELL,151.18,144.3,-4.55,145.74,-3.6,145.36,-3.85,2026-09-21 20:51:08 IST
IDECEL,2026-07-15,🟡 HOLD,13.83,13.54,-2.1,13.05,-5.64,13.5,-2.39,2026-09-21 20:51:08 IST
ASHLEY,2026-07-18,🔴 STRG SELL,155.23,155.06,-0.11,174.55,12.45,177.1,14.09,2026-09-21 20:51:08 IST
TATCAP,2026-07-18,🟡 HOLD,305.9,350.55,14.6,364.75,19.24,359.25,17.44,2026-09-21 20:51:08 IST
FEDBAN,2026-07-18,🟢 ACCUMULATE,349.0,355.29,1.8,370.43,6.14,354.1,1.46,2026-09-21 20:51:08 IST
HDFBAN,2026-07-18,🔴 STRG SELL,819.6,739.55,-9.77,753.0,-8.13,729.0,-11.05,2026-09-21 20:51:08 IST
LGELEC,2026-07-18,🟡 HOLD,1523.9,1526.8,0.19,1569.8,3.01,1667.6,9.43,2026-09-21 20:51:08 IST
ICINIF,2026-07-18,🟡 HOLD,266.01,273.42,2.79,269.6,1.35,,,2026-09-21 20:51:08 IST
NIPNIT,2026-07-18,🟡 HOLD,32.27,32.7,1.33,34.98,8.4,34.24,6.1,2026-09-21 20:51:08 IST
BHAELE,2026-07-18,🔴 STRG SELL,409.45,406.6,-0.7,391.62,-4.35,412.45,0.73,2026-09-21 20:51:08 IST
TATGLO,2026-07-18,🔴 STRG SELL,1088.6,1107.4,1.73,1110.0,1.97,1072.6,-1.47,2026-09-21 20:51:08 IST
JIOFIN,2026-07-18,🔴 STRG SELL,242.98,235.62,-3.03,262.39,7.99,249.75,2.79,2026-09-21 20:51:08 IST
WIPRO,2026-07-18,🔴 STRG SELL,176.0,178.53,1.44,188.66,7.19,181.9,3.35,2026-09-21 20:51:08 IST
ENGIND,2026-07-18,🟡 HOLD,227.66,226.42,-0.54,226.8,-0.38,240.18,5.5,2026-09-21 20:51:08 IST
LIC,2026-07-18,🟡 HOLD,433.1,424.35,-2.02,428.5,-1.06,410.0,-5.33,2026-09-21 20:51:08 IST
DRREDD,2026-07-18,🔴 STRG SELL,1211.2,1150.8,-4.99,1180.0,-2.58,1192.0,-1.59,2026-09-21 20:51:08 IST
NHPC,2026-07-18,🟡 HOLD / RISK,79.2,79.5,0.38,79.03,-0.21,76.6,-3.28,2026-09-21 20:51:08 IST
NTPC,2026-07-18,🔴 STRG SELL,341.85,347.05,1.52,347.15,1.55,333.4,-2.47,2026-09-21 20:51:08 IST
SJVLIM,2026-07-18,🔴 STRG SELL,69.13,67.68,-2.1,69.05,-0.12,66.21,-4.22,2026-09-21 20:51:08 IST
TATPOW,2026-07-18,🔴 STRG SELL,377.25,377.35,0.03,382.0,1.26,381.5,1.13,2026-09-21 20:51:08 IST
HINPET,2026-07-18,🔴 STRG SELL,400.4,374.65,-6.43,375.65,-6.18,371.0,-7.34,2026-09-21 20:51:08 IST
ONGC,2026-07-18,🔴 STRG SELL,247.29,237.55,-3.94,240.97,-2.56,237.48,-3.97,2026-09-21 20:51:08 IST
PETLNG,2026-07-18,🔴 STRG SELL,273.8,272.9,-0.33,284.85,4.04,281.8,2.92,2026-09-21 20:51:08 IST
RELIND,2026-07-18,🔴 STRG SELL,1327.2,1280.0,-3.56,1319.0,-0.62,1316.0,-0.84,2026-09-21 20:51:08 IST
IDECEL,2026-07-18,🟡 HOLD,13.74,13.06,-4.95,12.86,-6.4,13.71,-0.22,2026-09-21 20:51:08 IST
ASHLEY,2026-07-22,🔴 STRG SELL,153.94,157.96,2.61,177.0,14.98,173.1,12.45,2026-09-21 20:51:08 IST
TATCAP,2026-07-22,🟡 HOLD,305.9,361.8,18.27,371.9,21.58,365.55,19.5,2026-09-21 20:51:08 IST
FEDBAN,2026-07-22,🟢 ACCUMULATE,356.05,357.93,0.53,355.24,-0.23,358.8,0.77,2026-09-21 20:51:08 IST
HDFBAN,2026-07-22,🔴 STRG SELL,761.45,748.2,-1.74,735.0,-3.47,720.0,-5.44,2026-09-21 20:51:08 IST
LGELEC,2026-07-22,🟡 HOLD,1523.9,1518.2,-0.37,1578.6,3.59,1645.1,7.95,2026-09-21 20:51:08 IST
ICINIF,2026-07-22,🟡 HOLD,266.01,273.42,2.79,269.6,1.35,,,2026-09-21 20:51:08 IST
BHAELE,2026-07-22,🔴 STRG SELL,410.05,387.02,-5.62,389.47,-5.02,409.2,-0.21,2026-09-21 20:51:08 IST
TATGLO,2026-07-22,🔴 STRG SELL,1081.5,1096.1,1.35,1096.3,1.37,1068.0,-1.25,2026-09-21 20:51:08 IST
JIOFIN,2026-07-22,🔴 STRG SELL,240.03,248.9,3.7,261.34,8.88,243.15,1.3,2026-09-21 20:51:08 IST
WIPRO,2026-07-22,🔴 STRG SELL,174.97,183.61,4.94,186.99,6.87,179.55,2.62,2026-09-21 20:51:08 IST
ENGIND,2026-07-22,🟡 HOLD,228.12,225.56,-1.12,240.27,5.33,236.9,3.85,2026-09-21 20:51:08 IST
LIC,2026-07-22,🟡 HOLD,429.7,423.9,-1.35,393.0,-8.54,413.1,-3.86,2026-09-21 20:51:08 IST
DRREDD,2026-07-22,🔴 STRG SELL,1206.0,1142.3,-5.28,1176.0,-2.49,1170.0,-2.99,2026-09-21 20:51:08 IST
JSWENE,2026-07-22,🟡 HOLD / RISK,566.2,545.7,-3.62,566.0,-0.04,543.95,-3.93,2026-09-21 20:51:08 IST
NHPC,2026-07-22,🟡 HOLD / RISK,80.31,77.69,-3.26,78.39,-2.39,76.17,-5.16,2026-09-21 20:51:08 IST
NTPC,2026-07-22,🔴 STRG SELL,348.55,339.83,-2.5,346.16,-0.69,332.95,-4.48,2026-09-21 20:51:08 IST
NTPGRE,2026-07-22,🔴 STRG SELL,92.54,91.48,-1.15,90.66,-2.03,91.7,-0.91,2026-09-21 20:51:08 IST
SJVLIM,2026-07-22,🔴 STRG SELL,68.65,68.65,0.0,68.74,0.13,65.69,-4.31,2026-09-21 20:51:08 IST
TATPOW,2026-07-22,🔴 STRG SELL,381.45,377.25,-1.1,383.0,0.41,378.9,-0.67,2026-09-21 20:51:08 IST
HINPET,2026-07-22,🔴 STRG SELL,406.95,373.51,-8.22,375.6,-7.7,366.45,-9.95,2026-09-21 20:51:08 IST
ONGC,2026-07-22,🔴 STRG SELL,249.89,237.3,-5.04,239.18,-4.29,236.99,-5.16,2026-09-21 20:51:08 IST
PETLNG,2026-07-22,🟡 HOLD,276.65,277.1,0.16,280.8,1.5,288.15,4.16,2026-09-21 20:51:08 IST
RELIND,2026-07-22,🔴 STRG SELL,1303.7,1275.9,-2.13,1280.0,-1.82,1311.0,0.56,2026-09-21 20:51:08 IST
GUJPPL,2026-07-22,🔴 STRG SELL,150.8,145.74,-3.36,147.19,-2.39,160.25,6.27,2026-09-21 20:51:08 IST
IDECEL,2026-07-22,🟡 HOLD,13.49,13.05,-3.26,12.8,-5.11,14.07,4.3,2026-09-21 20:51:08 IST
TATCAP,2026-07-25,🟡 HOLD,305.9,364.75,19.24,367.85,20.25,364.45,19.14,2026-09-21 20:51:08 IST
FEDBAN,2026-07-25,🟢 ACCUMULATE,354.3,370.43,4.55,357.13,0.8,357.75,0.97,2026-09-21 20:51:08 IST
HDFBAN,2026-07-25,🔴 STRG SELL,742.8,753.0,1.37,731.0,-1.59,729.0,-1.86,2026-09-21 20:51:08 IST
LGELEC,2026-07-25,🟡 HOLD,1523.9,1569.8,3.01,1557.8,2.22,1664.2,9.21,2026-09-21 20:51:08 IST
ICINIF,2026-07-25,🟡 HOLD,266.01,273.42,2.79,269.6,1.35,,,2026-09-21 20:51:08 IST
BHAELE,2026-07-25,🔴 STRG SELL,405.0,391.62,-3.3,403.8,-0.3,409.0,0.99,2026-09-21 20:51:08 IST
TATGLO,2026-07-25,🔴 STRG SELL,1088.0,1110.0,2.02,1108.7,1.9,1062.5,-2.34,2026-09-21 20:51:08 IST
JIOFIN,2026-07-25,🔴 STRG SELL,234.71,262.39,11.79,254.0,8.22,242.0,3.11,2026-09-21 20:51:08 IST
WIPRO,2026-07-25,🔴 STRG SELL,177.12,188.66,6.52,185.5,4.73,181.31,2.37,2026-09-21 20:51:08 IST
LIC,2026-07-25,🟢 ACCUMULATE,421.3,428.5,1.71,393.0,-6.72,421.85,0.13,2026-09-21 20:51:08 IST
DRREDD,2026-07-25,🔴 STRG SELL,1151.7,1180.0,2.46,1158.8,0.62,1190.0,3.33,2026-09-21 20:51:08 IST
JSWENE,2026-07-25,🟡 HOLD,551.65,569.0,3.15,578.0,4.78,544.7,-1.26,2026-09-21 20:51:08 IST
NHPC,2026-07-25,🟡 HOLD / RISK,79.39,79.03,-0.45,76.99,-3.02,76.65,-3.45,2026-09-21 20:51:08 IST
NTPC,2026-07-25,🔴 STRG SELL,347.2,347.15,-0.01,336.81,-2.99,335.87,-3.26,2026-09-21 20:51:08 IST
NTPGRE,2026-07-25,🔴 STRG SELL,96.32,90.7,-5.83,91.88,-4.61,91.44,-5.07,2026-09-21 20:51:08 IST
SJVLIM,2026-07-25,🔴 STRG SELL,67.58,69.05,2.18,67.54,-0.06,65.8,-2.63,2026-09-21 20:51:08 IST
TATPOW,2026-07-25,🔴 STRG SELL,374.4,382.0,2.03,382.0,2.03,373.5,-0.24,2026-09-21 20:51:08 IST
GAIL,2026-07-25,🟡 HOLD / RISK,170.02,173.8,2.22,172.0,1.16,173.25,1.9,2026-09-21 20:51:08 IST
HINPET,2026-07-25,🔴 STRG SELL,381.1,375.65,-1.43,373.89,-1.89,371.95,-2.4,2026-09-21 20:51:08 IST
ONGC,2026-07-25,🔴 STRG SELL,248.76,240.97,-3.13,238.82,-4.0,235.55,-5.31,2026-09-21 20:51:08 IST
RELIND,2026-07-25,🔴 STRG SELL,1278.0,1319.0,3.21,1327.3,3.86,1309.8,2.49,2026-09-21 20:51:08 IST
GUJPPL,2026-07-25,🔴 STRG SELL,149.23,146.89,-1.57,145.93,-2.21,158.6,6.28,2026-09-21 20:51:08 IST
IDECEL,2026-07-25,🟡 HOLD,13.13,12.86,-2.06,12.92,-1.6,14.07,7.16,2026-09-21 20:51:08 IST
ASHLEY,2026-07-29,🔴 STRG SELL,157.5,177.0,12.38,176.7,12.19,179.05,13.68,2026-09-21 20:51:08 IST
TATCAP,2026-07-29,🟡 HOLD,305.9,371.9,21.58,367.05,19.99,370.65,21.17,2026-09-21 20:51:08 IST
FEDBAN,2026-07-29,🟢 ACCUMULATE,357.25,355.24,-0.56,355.64,-0.45,345.3,-3.34,2026-09-21 20:51:08 IST
HDFBAN,2026-07-29,🔴 STRG SELL,735.4,735.0,-0.05,729.0,-0.87,727.2,-1.12,2026-09-21 20:51:08 IST
LGELEC,2026-07-29,🟡 HOLD,1523.9,1578.6,3.59,1578.8,3.6,1675.4,9.94,2026-09-21 20:51:08 IST
ICINIF,2026-07-29,🟡 HOLD,266.01,273.42,2.79,269.6,1.35,,,2026-09-21 20:51:08 IST
BHAELE,2026-07-29,🔴 STRG SELL,389.0,389.47,0.12,405.15,4.15,406.9,4.6,2026-09-21 20:51:08 IST
WIPRO,2026-07-29,🔴 STRG SELL,181.12,186.99,3.24,183.94,1.56,177.35,-2.08,2026-09-21 20:51:08 IST
ENGIND,2026-07-29,🟡 HOLD,222.59,240.27,7.94,239.2,7.46,250.36,12.48,2026-09-21 20:51:08 IST
LIC,2026-07-29,🟢 ACCUMULATE,427.15,393.0,-7.99,417.0,-2.38,415.3,-2.77,2026-09-21 20:51:08 IST
DRREDD,2026-07-29,🔴 STRG SELL,1135.6,1176.0,3.56,1200.0,5.67,1182.0,4.09,2026-09-21 20:51:08 IST
JSWENE,2026-07-29,🟡 HOLD,544.25,566.0,4.0,558.75,2.66,543.5,-0.14,2026-09-21 20:51:08 IST
NHPC,2026-07-29,🔴 STRG SELL,78.28,78.39,0.14,76.85,-1.83,76.24,-2.61,2026-09-21 20:51:08 IST
NTPC,2026-07-29,🔴 STRG SELL,343.75,346.16,0.7,335.82,-2.31,331.02,-3.7,2026-09-21 20:51:08 IST
NTPGRE,2026-07-29,🔴 STRG SELL,92.27,90.66,-1.74,92.46,0.21,91.27,-1.08,2026-09-21 20:51:08 IST
TATPOW,2026-07-29,🔴 STRG SELL,371.35,383.0,3.14,379.45,2.18,364.0,-1.98,2026-09-21 20:51:08 IST
GAIL,2026-07-29,🟡 HOLD / RISK,175.15,176.45,0.74,177.43,1.3,173.98,-0.67,2026-09-21 20:51:08 IST
HINPET,2026-07-29,🔴 STRG SELL,400.05,375.6,-6.11,370.89,-7.29,375.5,-6.14,2026-09-21 20:51:08 IST
ONGC,2026-07-29,🔴 STRG SELL,238.91,239.18,0.11,238.04,-0.36,231.23,-3.21,2026-09-21 20:51:08 IST
IDECEL,2026-07-29,🟡 HOLD,12.95,12.8,-1.16,13.5,4.25,15.06,16.29,2026-09-21 20:51:08 IST
ASHLEY,2026-08-01,🟡 HOLD,166.18,174.0,4.71,177.1,6.57,175.64,5.69,2026-09-21 20:51:08 IST
TATCAP,2026-08-01,🟡 HOLD,305.9,367.85,20.25,359.25,17.44,367.9,20.27,2026-09-21 20:51:08 IST
HDFBAN,2026-08-01,🔴 STRG SELL,748.15,731.0,-2.29,729.0,-2.56,709.0,-5.23,2026-09-21 20:51:08 IST
LGELEC,2026-08-01,🟡 HOLD,1523.9,1557.8,2.22,1667.6,9.43,1697.8,11.41,2026-09-21 20:51:08 IST
ICINIF,2026-08-01,🟡 HOLD,266.01,273.42,2.79,269.6,1.35,,,2026-09-21 20:51:08 IST
BHAELE,2026-08-01,🔴 STRG SELL,387.85,403.8,4.11,412.45,6.34,414.45,6.86,2026-09-21 20:51:08 IST
TATGLO,2026-08-01,🔴 STRG SELL,1083.1,1108.7,2.36,1072.6,-0.97,1037.5,-4.21,2026-09-21 20:51:08 IST
JIOFIN,2026-08-01,🔴 STRG SELL,256.46,254.0,-0.96,249.75,-2.62,241.35,-5.89,2026-09-21 20:51:08 IST
WIPRO,2026-08-01,🔴 STRG SELL,183.65,185.5,1.01,181.9,-0.95,184.5,0.46,2026-09-21 20:51:08 IST
LIC,2026-08-01,🟢 ACCUMULATE,424.7,393.0,-7.46,410.0,-3.46,418.0,-1.58,2026-09-21 20:51:08 IST
DRREDD,2026-08-01,🔴 STRG SELL,1148.1,1158.8,0.93,1192.0,3.82,1154.4,0.55,2026-09-21 20:51:08 IST
NHPC,2026-08-01,🟡 HOLD / RISK,78.73,76.99,-2.21,76.6,-2.71,76.72,-2.55,2026-09-21 20:51:08 IST
NTPC,2026-08-01,🔴 STRG SELL,347.25,336.81,-3.01,333.4,-3.99,323.9,-6.72,2026-09-21 20:51:08 IST
NTPGRE,2026-08-01,🔴 STRG SELL,90.03,91.88,2.05,92.14,2.34,89.51,-0.58,2026-09-21 20:51:08 IST
SJVLIM,2026-08-01,🔴 STRG SELL,68.62,67.54,-1.57,66.21,-3.51,64.71,-5.7,2026-09-21 20:51:08 IST
TATPOW,2026-08-01,🔴 STRG SELL,380.7,382.0,0.34,381.5,0.21,347.0,-8.85,2026-09-21 20:51:08 IST
GAIL,2026-08-01,🟡 HOLD / RISK,181.44,172.0,-5.2,171.6,-5.42,176.99,-2.45,2026-09-21 20:51:08 IST
HINPET,2026-08-01,🔴 STRG SELL,389.75,373.89,-4.07,371.0,-4.81,365.75,-6.16,2026-09-21 20:51:08 IST
ONGC,2026-08-01,🔴 STRG SELL,242.53,238.82,-1.53,237.48,-2.08,230.82,-4.83,2026-09-21 20:51:08 IST
PETLNG,2026-08-01,🟢 ACCUMULATE,280.75,280.0,-0.27,281.8,0.37,300.6,7.07,2026-09-21 20:51:08 IST
RELIND,2026-08-01,🔴 STRG SELL,1307.8,1327.3,1.49,1316.0,0.63,1277.0,-2.36,2026-09-21 20:51:08 IST
IDECEL,2026-08-01,🟡 HOLD,13.01,12.92,-0.69,13.71,5.38,14.33,10.15,2026-09-21 20:51:08 IST
ASHLEY,2026-08-05,🟡 HOLD,172.08,176.7,2.68,173.1,0.59,167.9,-2.43,2026-09-21 20:51:08 IST
TATCAP,2026-08-05,🟡 HOLD,305.9,367.05,19.99,365.55,19.5,364.75,19.24,2026-09-21 20:51:08 IST
FEDBAN,2026-08-05,🟢 ACCUMULATE,362.45,355.64,-1.88,358.8,-1.01,353.35,-2.51,2026-09-21 20:51:08 IST
HDFBAN,2026-08-05,🔴 STRG SELL,742.0,729.0,-1.75,720.0,-2.96,700.8,-5.55,2026-09-21 20:51:08 IST
LGELEC,2026-08-05,🟡 HOLD,1523.9,1578.8,3.6,1645.1,7.95,1653.2,8.48,2026-09-21 20:51:08 IST
ICINIF,2026-08-05,🟡 HOLD,266.01,273.42,2.79,269.6,1.35,,,2026-09-21 20:51:08 IST
BHAELE,2026-08-05,🔴 STRG SELL,391.5,405.15,3.49,409.2,4.52,405.75,3.64,2026-09-21 20:51:08 IST
TATGLO,2026-08-05,🔴 STRG SELL,1092.0,1061.9,-2.76,1068.0,-2.2,1012.0,-7.33,2026-09-21 20:51:08 IST
JIOFIN,2026-08-05,🟡 HOLD,265.0,256.05,-3.38,243.15,-8.25,236.9,-10.6,2026-09-21 20:51:08 IST
WIPRO,2026-08-05,🔴 STRG SELL,186.3,183.94,-1.27,179.55,-3.62,177.09,-4.94,2026-09-21 20:51:08 IST
ENGIND,2026-08-05,🟡 HOLD,224.89,239.2,6.36,236.9,5.34,276.6,22.99,2026-09-21 20:51:08 IST
LIC,2026-08-05,🔴 STRG SELL,391.3,417.0,6.57,413.1,5.57,408.25,4.33,2026-09-21 20:51:08 IST
DRREDD,2026-08-05,🔴 STRG SELL,1172.6,1200.0,2.34,1170.0,-0.22,1156.5,-1.37,2026-09-21 20:51:08 IST
SEQSCI,2026-08-05,🟡 HOLD,994.6,262.75,-73.58,271.4,-72.71,259.1,-73.95,2026-09-21 20:51:08 IST
JSWENE,2026-08-05,🟢 ACCUMULATE,568.0,558.75,-1.63,543.95,-4.23,539.8,-4.96,2026-09-21 20:51:08 IST
NHPC,2026-08-05,🟡 HOLD / RISK,80.5,76.85,-4.53,76.17,-5.38,75.65,-6.02,2026-09-21 20:51:08 IST
NTPC,2026-08-05,🔴 STRG SELL,343.65,335.82,-2.28,332.95,-3.11,330.0,-3.97,2026-09-21 20:51:08 IST
NTPGRE,2026-08-05,🔴 STRG SELL,90.72,92.46,1.92,91.7,1.08,88.12,-2.87,2026-09-21 20:51:08 IST
SJVLIM,2026-08-05,🔴 STRG SELL,69.0,66.75,-3.26,65.69,-4.8,63.92,-7.36,2026-09-21 20:51:08 IST
TATPOW,2026-08-05,🔴 STRG SELL,380.0,379.45,-0.14,378.9,-0.29,364.0,-4.21,2026-09-21 20:51:08 IST
GAIL,2026-08-05,🟢 ACCUMULATE,175.0,177.43,1.39,172.0,-1.71,173.0,-1.14,2026-09-21 20:51:08 IST
HINPET,2026-08-05,🔴 STRG SELL,391.5,370.89,-5.26,366.45,-6.4,359.0,-8.3,2026-09-21 20:51:08 IST
ONGC,2026-08-05,🔴 STRG SELL,242.0,238.04,-1.64,236.99,-2.07,236.49,-2.28,2026-09-21 20:51:08 IST
RELIND,2026-08-05,🔴 STRG SELL,1290.9,1329.0,2.95,1311.0,1.56,1313.1,1.72,2026-09-21 20:51:08 IST
GUJPPL,2026-08-05,🔴 STRG SELL,151.8,145.36,-4.24,160.25,5.57,164.44,8.33,2026-09-21 20:51:08 IST
IDECEL,2026-08-05,🟡 HOLD,12.9,13.5,4.65,14.07,9.07,14.53,12.64,2026-09-21 20:51:08 IST
ASHLEY,2026-08-08,🟡 HOLD,177.5,177.1,-0.23,173.29,-2.37,170.0,-4.23,2026-09-21 20:51:08 IST
TATCAP,2026-08-08,🟡 HOLD,305.9,359.25,17.44,364.45,19.14,369.95,20.94,2026-09-21 20:51:08 IST
FEDBAN,2026-08-08,🟢 ACCUMULATE,356.25,354.1,-0.6,357.75,0.42,342.0,-4.0,2026-09-21 20:51:08 IST
HDFBAN,2026-08-08,🔴 STRG SELL,731.0,729.0,-0.27,729.0,-0.27,710.5,-2.8,2026-09-21 20:51:08 IST
LGELEC,2026-08-08,🟡 HOLD,1523.9,1667.6,9.43,1664.2,9.21,1647.8,8.13,2026-09-21 20:51:08 IST
ICINIF,2026-08-08,🟡 HOLD,266.01,273.42,2.79,269.6,1.35,,,2026-09-21 20:51:08 IST
BHAELE,2026-08-08,🔴 STRG SELL,401.0,412.45,2.86,409.0,2.0,404.0,0.75,2026-09-21 20:51:08 IST
TATGLO,2026-08-08,🔴 STRG SELL,1082.3,1072.6,-0.9,1062.5,-1.83,1015.0,-6.22,2026-09-21 20:51:08 IST
JIOFIN,2026-08-08,🔴 STRG SELL,256.8,249.75,-2.75,242.0,-5.76,234.4,-8.72,2026-09-21 20:51:08 IST
WIPRO,2026-08-08,🔴 STRG SELL,187.53,181.9,-3.0,181.31,-3.32,172.8,-7.85,2026-09-21 20:51:08 IST
ENGIND,2026-08-08,🟢 ACCUMULATE,240.6,240.18,-0.17,254.83,5.91,277.05,15.15,2026-09-21 20:51:08 IST
LIC,2026-08-08,🔴 STRG SELL,394.0,410.0,4.06,421.85,7.07,411.5,4.44,2026-09-21 20:51:08 IST
DRREDD,2026-08-08,🔴 STRG SELL,1172.0,1192.0,1.71,1190.0,1.54,1144.2,-2.37,2026-09-21 20:51:08 IST
SEQSCI,2026-08-08,🟡 HOLD,1003.8,252.15,-74.88,273.2,-72.78,263.65,-73.73,2026-09-21 20:51:08 IST
JSWENE,2026-08-08,🟢 ACCUMULATE,564.4,555.5,-1.58,544.7,-3.49,530.0,-6.09,2026-09-21 20:51:08 IST
NHPC,2026-08-08,🔴 STRG SELL,76.92,76.6,-0.42,76.65,-0.35,76.0,-1.2,2026-09-21 20:51:08 IST
NTPC,2026-08-08,🔴 STRG SELL,342.5,333.4,-2.66,335.87,-1.94,332.0,-3.07,2026-09-21 20:51:08 IST
NTPGRE,2026-08-08,🔴 STRG SELL,91.5,92.14,0.7,91.44,-0.07,88.16,-3.65,2026-09-21 20:51:08 IST
SJVLIM,2026-08-08,🔴 STRG SELL,67.96,66.21,-2.58,65.8,-3.18,65.56,-3.53,2026-09-21 20:51:08 IST
TATPOW,2026-08-08,🔴 STRG SELL,380.55,381.5,0.25,373.5,-1.85,365.7,-3.9,2026-09-21 20:51:08 IST
GAIL,2026-08-08,🟢 ACCUMULATE,173.63,171.6,-1.17,173.25,-0.22,176.0,1.36,2026-09-21 20:51:08 IST
ONGC,2026-08-08,🔴 STRG SELL,238.85,237.48,-0.57,235.55,-1.38,233.7,-2.16,2026-09-21 20:51:08 IST
PETLNG,2026-08-08,🟢 ACCUMULATE,280.6,281.8,0.43,295.95,5.47,290.95,3.69,2026-09-21 20:51:08 IST
RELIND,2026-08-08,🔴 STRG SELL,1334.8,1316.0,-1.41,1309.8,-1.87,1309.5,-1.9,2026-09-21 20:51:08 IST
GUJPPL,2026-08-08,🔴 STRG SELL,151.63,154.85,2.12,158.6,4.6,160.98,6.17,2026-09-21 20:51:08 IST
IDECEL,2026-08-08,🟡 HOLD,12.73,13.71,7.7,14.07,10.53,15.6,22.55,2026-09-21 20:51:08 IST
ASHLEY,2026-08-12,🟡 HOLD,174.83,173.1,-0.99,179.05,2.41,167.0,-4.48,2026-09-21 20:51:08 IST
TATCAP,2026-08-12,🟡 HOLD,305.9,365.55,19.5,370.65,21.17,363.0,18.67,2026-09-21 20:51:08 IST
HDFBAN,2026-08-12,🔴 STRG SELL,729.0,720.0,-1.23,727.2,-0.25,687.1,-5.75,2026-09-21 20:51:08 IST
LGELEC,2026-08-12,🟡 HOLD,1523.9,1645.1,7.95,1675.4,9.94,1647.8,8.13,2026-09-21 20:51:08 IST
ICINIF,2026-08-12,🟡 HOLD,266.01,273.42,2.79,269.6,1.35,,,2026-09-21 20:51:08 IST
BHAELE,2026-08-12,🔴 STRG SELL,405.85,409.2,0.83,406.9,0.26,406.0,0.04,2026-09-21 20:51:08 IST
TATGLO,2026-08-12,🔴 STRG SELL,1078.0,1068.0,-0.93,1047.1,-2.87,1001.0,-7.14,2026-09-21 20:51:08 IST
JIOFIN,2026-08-12,🔴 STRG SELL,252.75,243.15,-3.8,241.0,-4.65,231.0,-8.61,2026-09-21 20:51:08 IST
WIPRO,2026-08-12,🔴 STRG SELL,184.6,179.55,-2.74,177.35,-3.93,167.0,-9.53,2026-09-21 20:51:08 IST
ENGIND,2026-08-12,🟢 ACCUMULATE,242.99,236.9,-2.51,250.36,3.03,273.1,12.39,2026-09-21 20:51:08 IST
LIC,2026-08-12,🔴 STRG SELL,406.0,413.1,1.75,415.3,2.29,407.5,0.37,2026-09-21 20:51:08 IST
DRREDD,2026-08-12,🔴 STRG SELL,1205.0,1170.0,-2.9,1182.0,-1.91,1145.0,-4.98,2026-09-21 20:51:08 IST
SEQSCI,2026-08-12,🟡 HOLD,1002.8,271.4,-72.94,263.4,-73.73,261.9,-73.88,2026-09-21 20:51:08 IST
JSWENE,2026-08-12,🟢 ACCUMULATE,563.0,543.95,-3.38,543.5,-3.46,534.8,-5.01,2026-09-21 20:51:08 IST
NHPC,2026-08-12,🔴 STRG SELL,76.74,76.17,-0.74,76.24,-0.65,76.69,-0.07,2026-09-21 20:51:08 IST
NTPC,2026-08-12,🔴 STRG SELL,338.45,332.95,-1.63,331.02,-2.2,334.5,-1.17,2026-09-21 20:51:08 IST
NTPGRE,2026-08-12,🔴 STRG SELL,93.01,91.7,-1.41,91.27,-1.87,88.03,-5.35,2026-09-21 20:51:08 IST
SJVLIM,2026-08-12,🔴 STRG SELL,67.24,65.69,-2.31,65.85,-2.07,66.88,-0.54,2026-09-21 20:51:08 IST
TATPOW,2026-08-12,🔴 STRG SELL,380.0,378.9,-0.29,364.0,-4.21,370.0,-2.63,2026-09-21 20:51:08 IST
GAIL,2026-08-12,🟢 ACCUMULATE,175.34,172.0,-1.9,173.98,-0.78,174.9,-0.25,2026-09-21 20:51:08 IST
HINPET,2026-08-12,🔴 STRG SELL,390.85,366.45,-6.24,375.5,-3.93,348.9,-10.73,2026-09-21 20:51:08 IST
ONGC,2026-08-12,🔴 STRG SELL,239.45,236.99,-1.03,231.23,-3.43,234.02,-2.27,2026-09-21 20:51:08 IST
PETLNG,2026-08-12,🟡 HOLD,277.0,288.15,4.03,289.0,4.33,285.9,3.21,2026-09-21 20:51:08 IST
RELIND,2026-08-12,🔴 STRG SELL,1323.9,1311.0,-0.97,1298.0,-1.96,1279.0,-3.39,2026-09-21 20:51:08 IST
GUJPPL,2026-08-12,🔴 STRG SELL,148.13,160.25,8.18,164.45,11.02,158.59,7.06,2026-09-21 20:51:08 IST
IDECEL,2026-08-12,🟡 HOLD,12.89,14.07,9.15,15.06,16.83,15.52,20.4,2026-09-21 20:51:08 IST
ASHLEY,2026-08-15,🟡 HOLD,171.64,173.29,0.96,175.64,2.33,163.75,-4.6,2026-09-21 20:51:08 IST
TATCAP,2026-08-15,🟡 HOLD,305.9,364.45,19.14,367.9,20.27,362.9,18.63,2026-09-21 20:51:08 IST
HDFBAN,2026-08-15,🔴 STRG SELL,727.0,729.0,0.28,709.0,-2.48,708.25,-2.58,2026-09-21 20:51:08 IST
LGELEC,2026-08-15,🟡 HOLD,1523.9,1664.2,9.21,1697.8,11.41,1636.8,7.41,2026-09-21 20:51:08 IST
ICINIF,2026-08-15,🟡 HOLD,266.01,273.42,2.79,269.6,1.35,,,2026-09-21 20:51:08 IST
BHAELE,2026-08-15,🔴 STRG SELL,410.8,409.0,-0.44,414.45,0.89,404.35,-1.57,2026-09-21 20:51:08 IST
TATGLO,2026-08-15,🔴 STRG SELL,1079.5,1062.5,-1.57,1037.5,-3.89,991.0,-8.2,2026-09-21 20:51:08 IST
JIOFIN,2026-08-15,🔴 STRG SELL,249.05,242.0,-2.83,241.35,-3.09,229.9,-7.69,2026-09-21 20:51:08 IST
WIPRO,2026-08-15,🔴 STRG SELL,184.0,181.31,-1.46,184.5,0.27,167.4,-9.02,2026-09-21 20:51:08 IST
LIC,2026-08-15,🟡 HOLD,413.5,421.85,2.02,418.0,1.09,404.1,-2.27,2026-09-21 20:51:08 IST
SEQSCI,2026-08-15,🟡 HOLD,967.8,273.2,-71.77,263.6,-72.76,257.6,-73.38,2026-09-21 20:51:08 IST
JSWENE,2026-08-15,🟡 HOLD,560.0,544.7,-2.73,520.4,-7.07,526.45,-5.99,2026-09-21 20:51:08 IST
NHPC,2026-08-15,🔴 STRG SELL,76.9,76.65,-0.33,76.72,-0.23,76.38,-0.68,2026-09-21 20:51:08 IST
NTPC,2026-08-15,🔴 STRG SELL,340.0,335.87,-1.21,323.9,-4.74,333.4,-1.94,2026-09-21 20:51:08 IST
NTPGRE,2026-08-15,🔴 STRG SELL,91.93,91.44,-0.53,89.51,-2.63,86.94,-5.43,2026-09-21 20:51:08 IST
SJVLIM,2026-08-15,🔴 STRG SELL,67.21,65.8,-2.1,64.71,-3.72,66.18,-1.53,2026-09-21 20:51:08 IST
TATPOW,2026-08-15,🔴 STRG SELL,382.05,373.5,-2.24,347.0,-9.17,364.65,-4.55,2026-09-21 20:51:08 IST
GAIL,2026-08-15,🟢 ACCUMULATE,174.9,173.25,-0.94,176.99,1.19,173.62,-0.73,2026-09-21 20:51:08 IST
HINPET,2026-08-15,🔴 STRG SELL,373.5,371.95,-0.41,365.75,-2.07,352.0,-5.76,2026-09-21 20:51:08 IST
ONGC,2026-08-15,🔴 STRG SELL,236.4,235.55,-0.36,230.82,-2.36,232.5,-1.65,2026-09-21 20:51:08 IST
PETLNG,2026-08-15,🟢 ACCUMULATE,282.6,295.95,4.72,300.6,6.37,287.2,1.63,2026-09-21 20:51:08 IST
RELIND,2026-08-15,🔴 STRG SELL,1310.0,1309.8,-0.02,1277.0,-2.52,1257.5,-4.01,2026-09-21 20:51:08 IST
GUJPPL,2026-08-15,🔴 STRG SELL,158.68,158.6,-0.05,162.6,2.47,161.32,1.66,2026-09-21 20:51:08 IST
IDECEL,2026-08-15,🟢 ACCUMULATE,14.11,14.07,-0.28,14.33,1.56,14.97,6.09,2026-09-21 20:51:08 IST
ASHLEY,2026-08-19,🟡 HOLD,176.35,179.05,1.53,167.9,-4.79,156.5,-11.26,2026-09-21 20:51:08 IST
TATCAP,2026-08-19,🟡 HOLD,305.9,370.65,21.17,364.75,19.24,343.5,12.29,2026-09-21 20:51:08 IST
HDFBAN,2026-08-19,🔴 STRG SELL,723.0,727.2,0.58,700.8,-3.07,721.5,-0.21,2026-09-21 20:51:08 IST
LGELEC,2026-08-19,🟡 HOLD,1523.9,1675.4,9.94,1653.2,8.48,1628.2,6.84,2026-09-21 20:51:08 IST
ICINIF,2026-08-19,🟡 HOLD,266.01,273.42,2.79,269.6,1.35,,,2026-09-21 20:51:08 IST
BHAELE,2026-08-19,🔴 STRG SELL,412.0,406.9,-1.24,405.75,-1.52,385.75,-6.37,2026-09-21 20:51:08 IST
TATGLO,2026-08-19,🔴 STRG SELL,1061.6,1047.1,-1.37,1012.0,-4.67,1000.1,-5.79,2026-09-21 20:51:08 IST
JIOFIN,2026-08-19,🔴 STRG SELL,245.8,241.0,-1.95,236.9,-3.62,224.84,-8.53,2026-09-21 20:51:08 IST
WIPRO,2026-08-19,🔴 STRG SELL,178.06,177.35,-0.4,177.09,-0.54,166.89,-6.27,2026-09-21 20:51:08 IST
ENGIND,2026-08-19,🟢 ACCUMULATE,244.78,250.36,2.28,276.6,13.0,260.65,6.48,2026-09-21 20:51:08 IST
LIC,2026-08-19,🔴 STRG SELL,410.0,415.3,1.29,408.25,-0.43,395.5,-3.54,2026-09-21 20:51:08 IST
DRREDD,2026-08-19,🔴 STRG SELL,1178.8,1182.0,0.27,1156.5,-1.89,1140.0,-3.29,2026-09-21 20:51:08 IST
SEQSCI,2026-08-19,🟡 HOLD,949.1,263.4,-72.25,259.1,-72.7,238.85,-74.83,2026-09-21 20:51:08 IST
JSWENE,2026-08-19,🟡 HOLD,548.1,543.5,-0.84,539.8,-1.51,504.7,-7.92,2026-09-21 20:51:08 IST
NHPC,2026-08-19,🔴 STRG SELL,76.73,76.24,-0.64,75.65,-1.41,75.41,-1.72,2026-09-21 20:51:08 IST
NTPC,2026-08-19,🔴 STRG SELL,337.1,331.02,-1.8,330.0,-2.11,327.0,-3.0,2026-09-21 20:51:08 IST
TATPOW,2026-08-19,🔴 STRG SELL,381.0,364.0,-4.46,364.0,-4.46,360.4,-5.41,2026-09-21 20:51:08 IST
GAIL,2026-08-19,🟡 HOLD,173.5,173.98,0.28,173.0,-0.29,170.65,-1.64,2026-09-21 20:51:08 IST
HINPET,2026-08-19,🔴 STRG SELL,366.0,375.5,2.6,359.0,-1.91,350.05,-4.36,2026-09-21 20:51:08 IST
ONGC,2026-08-19,🔴 STRG SELL,239.5,231.23,-3.45,236.49,-1.26,236.8,-1.13,2026-09-21 20:51:08 IST
PETLNG,2026-08-19,🟢 ACCUMULATE,286.25,289.0,0.96,289.2,1.03,282.1,-1.45,2026-09-21 20:51:08 IST
RELIND,2026-08-19,🔴 STRG SELL,1322.0,1298.0,-1.82,1313.1,-0.67,1240.0,-6.2,2026-09-21 20:51:08 IST
GUJPPL,2026-08-19,🔴 STRG SELL,160.48,164.45,2.47,164.44,2.47,162.24,1.1,2026-09-21 20:51:08 IST
IDECEL,2026-08-19,🟢 ACCUMULATE,14.12,15.06,6.66,14.53,2.9,14.26,0.99,2026-09-21 20:51:08 IST
ASHLEY,2026-08-22,🟡 HOLD,173.0,175.64,1.53,170.0,-1.73,161.75,-6.5,2026-09-21 20:51:08 IST
TATCAP,2026-08-22,🟡 HOLD,305.9,367.9,20.27,369.95,20.94,343.7,12.36,2026-09-21 20:51:08 IST
FEDBAN,2026-08-22,🟢 ACCUMULATE,361.0,356.7,-1.19,342.0,-5.26,332.0,-8.03,2026-09-21 20:51:08 IST
HDFBAN,2026-08-22,🔴 STRG SELL,726.95,709.0,-2.47,710.5,-2.26,739.5,1.73,2026-09-21 20:51:08 IST
LGELEC,2026-08-22,🟡 HOLD,1523.9,1697.8,11.41,1647.8,8.13,1656.3,8.69,2026-09-21 20:51:08 IST
ICINIF,2026-08-22,🟡 HOLD,266.01,273.42,2.79,269.6,1.35,,,2026-09-21 20:51:08 IST
BHAELE,2026-08-22,🔴 STRG SELL,414.0,414.45,0.11,404.0,-2.42,398.5,-3.74,2026-09-21 20:51:08 IST
TATGLO,2026-08-22,🔴 STRG SELL,1049.0,1037.5,-1.1,1015.0,-3.24,1000.6,-4.61,2026-09-21 20:51:08 IST
JIOFIN,2026-08-22,🔴 STRG SELL,244.0,241.35,-1.09,234.4,-3.93,229.97,-5.75,2026-09-21 20:51:08 IST
WIPRO,2026-08-22,🔴 STRG SELL,180.79,184.5,2.05,172.8,-4.42,164.55,-8.98,2026-09-21 20:51:08 IST
ENGIND,2026-08-22,🟢 ACCUMULATE,244.91,261.87,6.92,277.05,13.12,285.25,16.47,2026-09-21 20:51:08 IST
LIC,2026-08-22,🟢 ACCUMULATE,422.25,418.0,-1.01,411.5,-2.55,400.0,-5.27,2026-09-21 20:51:08 IST
DRREDD,2026-08-22,🔴 STRG SELL,1174.7,1154.4,-1.73,1144.2,-2.6,1198.3,2.01,2026-09-21 20:51:08 IST
JSWENE,2026-08-22,🟡 HOLD,544.95,520.4,-4.51,530.0,-2.74,517.0,-5.13,2026-09-21 20:51:08 IST
NHPC,2026-08-22,🔴 STRG SELL,76.15,76.72,0.75,76.0,-0.2,75.8,-0.46,2026-09-21 20:51:08 IST
NTPC,2026-08-22,🔴 STRG SELL,340.0,323.9,-4.74,332.0,-2.35,326.4,-4.0,2026-09-21 20:51:08 IST
NTPGRE,2026-08-22,🔴 STRG SELL,91.43,89.51,-2.1,88.16,-3.58,91.26,-0.19,2026-09-21 20:51:08 IST
TATPOW,2026-08-22,🔴 STRG SELL,374.3,347.0,-7.29,365.7,-2.3,367.15,-1.91,2026-09-21 20:51:08 IST
GAIL,2026-08-22,🟡 HOLD,172.0,176.99,2.9,176.0,2.33,172.61,0.35,2026-09-21 20:51:08 IST
HINPET,2026-08-22,🔴 STRG SELL,363.25,365.75,0.69,356.9,-1.75,357.6,-1.56,2026-09-21 20:51:08 IST
ONGC,2026-08-22,🔴 STRG SELL,236.4,230.82,-2.36,233.7,-1.14,235.63,-0.33,2026-09-21 20:51:08 IST
RELIND,2026-08-22,🔴 STRG SELL,1316.0,1277.0,-2.96,1309.5,-0.49,1247.4,-5.21,2026-09-21 20:51:08 IST
GUJPPL,2026-08-22,🔴 STRG SELL,163.54,162.6,-0.57,160.98,-1.57,164.99,0.89,2026-09-21 20:51:08 IST
IDECEL,2026-08-22,🟢 ACCUMULATE,13.94,14.33,2.8,15.6,11.91,13.84,-0.72,2026-09-21 20:51:08 IST
ASHLEY,2026-08-26,🟡 HOLD,174.69,167.9,-3.89,167.0,-4.4,,,2026-09-21 20:51:08 IST
TATCAP,2026-08-26,🟡 HOLD,305.9,364.75,19.24,363.0,18.67,,,2026-09-21 20:51:08 IST
FEDBAN,2026-08-26,🟢 ACCUMULATE,346.95,353.35,1.84,345.0,-0.56,,,2026-09-21 20:51:08 IST
HDFBAN,2026-08-26,🔴 STRG SELL,727.5,700.8,-3.67,687.1,-5.55,,,2026-09-21 20:51:08 IST
LGELEC,2026-08-26,🟡 HOLD,1523.9,1653.2,8.48,1647.8,8.13,,,2026-09-21 20:51:08 IST
ICINIF,2026-08-26,🟡 HOLD,266.01,271.22,1.96,266.76,0.28,,,2026-09-21 20:51:08 IST
NIPNIT,2026-08-26,🟡 HOLD,32.27,34.39,6.57,32.15,-0.37,,,2026-09-21 20:51:08 IST
BHAELE,2026-08-26,🔴 STRG SELL,413.25,405.75,-1.81,406.0,-1.75,,,2026-09-21 20:51:08 IST
TATGLO,2026-08-26,🔴 STRG SELL,1060.5,1012.0,-4.57,1001.0,-5.61,,,2026-09-21 20:51:08 IST
JIOFIN,2026-08-26,🔴 STRG SELL,243.15,236.9,-2.57,231.0,-5.0,,,2026-09-21 20:51:08 IST
WIPRO,2026-08-26,🔴 STRG SELL,180.09,177.09,-1.67,167.0,-7.27,,,2026-09-21 20:51:08 IST
ENGIND,2026-08-26,🟢 ACCUMULATE,250.38,276.6,10.47,273.1,9.07,,,2026-09-21 20:51:08 IST
LIC,2026-08-26,🟢 ACCUMULATE,424.0,408.25,-3.71,407.5,-3.89,,,2026-09-21 20:51:08 IST
SEQSCI,2026-08-26,🟡 HOLD,986.6,259.1,-73.74,261.9,-73.45,,,2026-09-21 20:51:08 IST
JSWENE,2026-08-26,🟡 HOLD,548.4,539.8,-1.57,534.8,-2.48,,,2026-09-21 20:51:08 IST
NHPC,2026-08-26,🔴 STRG SELL,76.62,75.65,-1.27,76.69,0.09,,,2026-09-21 20:51:08 IST
NTPC,2026-08-26,🔴 STRG SELL,339.85,330.0,-2.9,334.5,-1.57,,,2026-09-21 20:51:08 IST
NTPGRE,2026-08-26,🔴 STRG SELL,91.65,88.12,-3.85,88.03,-3.95,,,2026-09-21 20:51:08 IST
SJVLIM,2026-08-26,🔴 STRG SELL,65.86,63.92,-2.95,66.88,1.55,,,2026-09-21 20:51:08 IST
TATPOW,2026-08-26,🔴 STRG SELL,370.6,364.0,-1.78,370.0,-0.16,,,2026-09-21 20:51:08 IST
GAIL,2026-08-26,🟢 ACCUMULATE,175.5,173.0,-1.42,174.9,-0.34,,,2026-09-21 20:51:08 IST
HINPET,2026-08-26,🔴 STRG SELL,373.2,359.0,-3.8,348.9,-6.51,,,2026-09-21 20:51:08 IST
ONGC,2026-08-26,🔴 STRG SELL,234.0,236.49,1.06,234.02,0.01,,,2026-09-21 20:51:08 IST
PETLNG,2026-08-26,🟢 ACCUMULATE,292.5,289.2,-1.13,285.9,-2.26,,,2026-09-21 20:51:08 IST
RELIND,2026-08-26,🔴 STRG SELL,1317.0,1313.1,-0.3,1279.0,-2.89,,,2026-09-21 20:51:08 IST
IDECEL,2026-08-26,🟢 ACCUMULATE,15.19,14.53,-4.34,15.52,2.17,,,2026-09-21 20:51:08 IST
TATCAP,2026-08-29,🟡 HOLD,305.9,369.95,20.94,362.9,18.63,,,2026-09-21 20:51:08 IST
LGELEC,2026-08-29,🟡 HOLD,1523.9,1647.8,8.13,1636.8,7.41,,,2026-09-21 20:51:08 IST
ICINIF,2026-08-29,🟡 HOLD,266.01,269.6,1.35,263.36,-1.0,,,2026-09-21 20:51:08 IST
NIPNIT,2026-08-29,🟡 HOLD,32.27,33.33,3.28,32.17,-0.31,,,2026-09-21 20:51:08 IST
ASHLEY,2026-09-02,🟡 HOLD,170.53,167.0,-2.07,156.5,-8.23,,,2026-09-21 20:51:08 IST
TATCAP,2026-09-02,🟡 HOLD,305.9,363.0,18.67,343.5,12.29,,,2026-09-21 20:51:08 IST
FEDBAN,2026-09-02,🟢 ACCUMULATE,349.25,345.0,-1.22,341.8,-2.13,,,2026-09-21 20:51:08 IST
HDFBAN,2026-09-02,🔴 STRG SELL,711.9,687.1,-3.48,721.5,1.35,,,2026-09-21 20:51:08 IST
LGELEC,2026-09-02,🟡 HOLD,1523.9,1647.8,8.13,1628.2,6.84,,,2026-09-21 20:51:08 IST
ICINIF,2026-09-02,🟡 HOLD,266.01,266.76,0.28,264.67,-0.5,,,2026-09-21 20:51:08 IST
NIPNIT,2026-09-02,🟡 HOLD,32.27,32.15,-0.37,32.3,0.09,,,2026-09-21 20:51:08 IST
BHAELE,2026-09-02,🔴 STRG SELL,411.2,406.0,-1.26,385.75,-6.19,,,2026-09-21 20:51:08 IST
TATGLO,2026-09-02,🔴 STRG SELL,1030.5,1001.0,-2.86,1000.1,-2.95,,,2026-09-21 20:51:08 IST
JIOFIN,2026-09-02,🔴 STRG SELL,235.85,231.0,-2.06,224.84,-4.67,,,2026-09-21 20:51:08 IST
WIPRO,2026-09-02,🔴 STRG SELL,181.7,167.0,-8.09,166.89,-8.15,,,2026-09-21 20:51:08 IST
ENGIND,2026-09-02,🟢 ACCUMULATE,280.05,273.1,-2.48,260.65,-6.93,,,2026-09-21 20:51:08 IST
LIC,2026-09-02,🟡 HOLD,412.15,407.5,-1.13,395.5,-4.04,,,2026-09-21 20:51:08 IST
DRREDD,2026-09-02,🔴 STRG SELL,1171.0,1145.0,-2.22,1140.0,-2.65,,,2026-09-21 20:51:08 IST
JSWENE,2026-09-02,🔴 STRG SELL,518.0,534.8,3.24,504.7,-2.57,,,2026-09-21 20:51:08 IST
NHPC,2026-09-02,🔴 STRG SELL,76.3,76.69,0.51,75.41,-1.17,,,2026-09-21 20:51:08 IST
NTPC,2026-09-02,🔴 STRG SELL,324.0,334.5,3.24,327.0,0.93,,,2026-09-21 20:51:08 IST
NTPGRE,2026-09-02,🔴 STRG SELL,89.21,88.03,-1.32,87.59,-1.82,,,2026-09-21 20:51:08 IST
TATPOW,2026-09-02,🔴 STRG SELL,350.55,370.0,5.55,360.4,2.81,,,2026-09-21 20:51:08 IST
GAIL,2026-09-02,🟡 HOLD,172.19,174.9,1.57,170.65,-0.89,,,2026-09-21 20:51:08 IST
HINPET,2026-09-02,🔴 STRG SELL,363.1,348.9,-3.91,350.05,-3.59,,,2026-09-21 20:51:08 IST
ONGC,2026-09-02,🔴 STRG SELL,236.45,234.02,-1.03,236.8,0.15,,,2026-09-21 20:51:08 IST
PETLNG,2026-09-02,🟢 ACCUMULATE,292.3,285.9,-2.19,282.1,-3.49,,,2026-09-21 20:51:08 IST
RELIND,2026-09-02,🔴 STRG SELL,1309.0,1279.0,-2.29,1240.0,-5.27,,,2026-09-21 20:51:08 IST
GUJPPL,2026-09-02,🟡 HOLD,164.02,158.59,-3.31,162.24,-1.09,,,2026-09-21 20:51:08 IST
IDECEL,2026-09-02,🟢 ACCUMULATE,14.06,15.52,10.38,14.26,1.42,,,2026-09-21 20:51:08 IST
ASHLEY,2026-09-05,🔴 STRG SELL,169.0,163.75,-3.11,161.75,-4.29,,,2026-09-21 20:51:08 IST
TATCAP,2026-09-05,🟡 HOLD,305.9,362.9,18.63,343.7,12.36,,,2026-09-21 20:51:08 IST
FEDBAN,2026-09-05,🟡 HOLD,343.0,344.5,0.44,332.0,-3.21,,,2026-09-21 20:51:08 IST
HDFBAN,2026-09-05,🔴 STRG SELL,712.1,708.25,-0.54,739.5,3.85,,,2026-09-21 20:51:08 IST
LGELEC,2026-09-05,🟡 HOLD,1523.9,1636.8,7.41,1656.3,8.69,,,2026-09-21 20:51:08 IST
ICINIF,2026-09-05,🟡 HOLD,266.01,263.36,-1.0,,,,,2026-09-21 20:51:08 IST
NIPNIT,2026-09-05,🟡 HOLD,32.27,32.17,-0.31,32.12,-0.46,,,2026-09-21 20:51:08 IST
BHAELE,2026-09-05,🔴 STRG SELL,405.35,404.35,-0.25,398.5,-1.69,,,2026-09-21 20:51:08 IST
TATGLO,2026-09-05,🔴 STRG SELL,1010.0,991.0,-1.88,1000.6,-0.93,,,2026-09-21 20:51:08 IST
JIOFIN,2026-09-05,🔴 STRG SELL,239.5,229.9,-4.01,229.97,-3.98,,,2026-09-21 20:51:08 IST
WIPRO,2026-09-05,🔴 STRG SELL,176.4,167.4,-5.1,164.55,-6.72,,,2026-09-21 20:51:08 IST
LIC,2026-09-05,🟡 HOLD,415.35,404.1,-2.71,400.0,-3.7,,,2026-09-21 20:51:08 IST
SEQSCI,2026-09-05,🟢 ACCUMULATE,1059.6,257.6,-75.69,251.65,-76.25,,,2026-09-21 20:51:08 IST
JSWENE,2026-09-05,🟡 HOLD,539.85,526.45,-2.48,517.0,-4.23,,,2026-09-21 20:51:08 IST
NHPC,2026-09-05,🔴 STRG SELL,76.25,76.38,0.17,75.8,-0.59,,,2026-09-21 20:51:08 IST
NTPC,2026-09-05,🔴 STRG SELL,332.5,333.4,0.27,326.4,-1.83,,,2026-09-21 20:51:08 IST
NTPGRE,2026-09-05,🔴 STRG SELL,89.36,86.94,-2.71,91.26,2.13,,,2026-09-21 20:51:08 IST
SJVLIM,2026-09-05,🔴 STRG SELL,65.23,66.18,1.46,63.35,-2.88,,,2026-09-21 20:51:08 IST
TATPOW,2026-09-05,🔴 STRG SELL,368.0,364.65,-0.91,367.15,-0.23,,,2026-09-21 20:51:08 IST
GAIL,2026-09-05,🟢 ACCUMULATE,173.4,173.62,0.13,172.61,-0.46,,,2026-09-21 20:51:08 IST
HINPET,2026-09-05,🔴 STRG SELL,356.5,352.0,-1.26,357.6,0.31,,,2026-09-21 20:51:08 IST
ONGC,2026-09-05,🔴 STRG SELL,234.65,232.5,-0.92,235.63,0.42,,,2026-09-21 20:51:08 IST
PETLNG,2026-09-05,🟢 ACCUMULATE,288.1,287.2,-0.31,287.5,-0.21,,,2026-09-21 20:51:08 IST
RELIND,2026-09-05,🔴 STRG SELL,1322.0,1257.5,-4.88,1247.4,-5.64,,,2026-09-21 20:51:08 IST
GUJPPL,2026-09-05,🟡 HOLD,161.62,161.32,-0.19,164.99,2.09,,,2026-09-21 20:51:08 IST
IDECEL,2026-09-05,🟢 ACCUMULATE,15.02,14.97,-0.33,13.84,-7.86,,,2026-09-21 20:51:08 IST
ASHLEY,2026-09-09,🔴 STRG SELL,169.0,156.5,-7.4,,,,,2026-09-21 20:51:08 IST
TATCAP,2026-09-09,🟡 HOLD,305.9,343.5,12.29,,,,,2026-09-21 20:51:08 IST
FEDBAN,2026-09-09,🟡 HOLD,344.15,341.8,-0.68,,,,,2026-09-21 20:51:08 IST
HDFBAN,2026-09-09,🔴 STRG SELL,703.0,721.5,2.63,,,,,2026-09-21 20:51:08 IST
LGELEC,2026-09-09,🟡 HOLD,1523.9,1628.2,6.84,,,,,2026-09-21 20:51:08 IST
ICINIF,2026-09-09,🟡 HOLD,266.01,264.67,-0.5,,,,,2026-09-21 20:51:08 IST
NIPNIT,2026-09-09,🟡 HOLD,32.27,32.3,0.09,,,,,2026-09-21 20:51:08 IST
BHAELE,2026-09-09,🔴 STRG SELL,410.55,385.75,-6.04,,,,,2026-09-21 20:51:08 IST
TATGLO,2026-09-09,🔴 STRG SELL,1014.1,1000.1,-1.38,,,,,2026-09-21 20:51:08 IST
JIOFIN,2026-09-09,🔴 STRG SELL,233.15,224.84,-3.56,,,,,2026-09-21 20:51:08 IST
WIPRO,2026-09-09,🔴 STRG SELL,171.5,166.89,-2.69,,,,,2026-09-21 20:51:08 IST
ENGIND,2026-09-09,🟢 ACCUMULATE,279.2,260.65,-6.64,,,,,2026-09-21 20:51:08 IST
LIC,2026-09-09,🟡 HOLD,410.75,395.5,-3.71,,,,,2026-09-21 20:51:08 IST
DRREDD,2026-09-09,🔴 STRG SELL,1151.0,1140.0,-0.96,,,,,2026-09-21 20:51:08 IST
SEQSCI,2026-09-09,🟢 ACCUMULATE,1187.4,238.85,-79.88,,,,,2026-09-21 20:51:08 IST
NHPC,2026-09-09,🔴 STRG SELL,75.9,75.41,-0.65,,,,,2026-09-21 20:51:08 IST
NTPC,2026-09-09,🔴 STRG SELL,330.8,327.0,-1.15,,,,,2026-09-21 20:51:08 IST
NTPGRE,2026-09-09,🔴 STRG SELL,88.44,87.59,-0.96,,,,,2026-09-21 20:51:08 IST
SJVLIM,2026-09-09,🔴 STRG SELL,65.87,64.06,-2.75,,,,,2026-09-21 20:51:08 IST
TATPOW,2026-09-09,🔴 STRG SELL,365.55,360.4,-1.41,,,,,2026-09-21 20:51:08 IST
GAIL,2026-09-09,🟢 ACCUMULATE,175.09,170.65,-2.54,,,,,2026-09-21 20:51:08 IST
HINPET,2026-09-09,🔴 STRG SELL,347.0,350.05,0.88,,,,,2026-09-21 20:51:08 IST
ONGC,2026-09-09,🔴 STRG SELL,236.0,236.8,0.34,,,,,2026-09-21 20:51:08 IST
PETLNG,2026-09-09,🟢 ACCUMULATE,285.8,282.1,-1.29,,,,,2026-09-21 20:51:08 IST
RELIND,2026-09-09,🔴 STRG SELL,1294.9,1240.0,-4.24,,,,,2026-09-21 20:51:08 IST
GUJPPL,2026-09-09,🟡 HOLD,160.58,162.24,1.03,,,,,2026-09-21 20:51:08 IST
IDECEL,2026-09-09,🟢 ACCUMULATE,15.42,14.26,-7.52,,,,,2026-09-21 20:51:08 IST
